{
    "outputs": {
        "memory": {
            "utilization": {
                "O": [
                    0.125,
                    0.003173828125,
                    0.20556640625,
                    0.0002904064
                ],
                "W": [
                    0.515625,
                    0.75,
                    0.0002904064
                ],
                "I": [
                    0.171875,
                    0.20556640625,
                    0.0002904064
                ]
            },
            "word_accesses": {
                "O": [
                    "4waydatamoving (rd /\\: 10513440.0, wr V: 10513440.0, rd V: 115647840.0, wr /\\: 115647840.0)",
                    "4waydatamoving (rd /\\: 141120.0, wr V: 141120.0, rd V: 141120.0, wr /\\: 141120.0)",
                    "4waydatamoving (rd /\\: 2091.0, wr V: 0, rd V: 70560.0, wr /\\: 70560.0)",
                    "4waydatamoving (rd /\\: 0, wr V: 0, rd V: 0, wr /\\: 12544.0)"
                ],
                "W": [
                    "4waydatamoving (rd /\\: 0, wr V: 147510.0, rd V: 115647840.0, wr /\\: 0)",
                    "4waydatamoving (rd /\\: 0, wr V: 9216.0, rd V: 9240.0, wr /\\: 0)",
                    "4waydatamoving (rd /\\: 0, wr V: 0, rd V: 18432.0, wr /\\: 0)"
                ],
                "I": [
                    "4waydatamoving (rd /\\: 0, wr V: 115647840.0, rd V: 115647840.0, wr /\\: 0)",
                    "4waydatamoving (rd /\\: 0, wr V: 2400.0, rd V: 211680.0, wr /\\: 0)",
                    "4waydatamoving (rd /\\: 0, wr V: 0, rd V: 14400.0, wr /\\: 0)"
                ]
            }
        },
        "energy": {
            "energy_total": 995121037.0,
            "operational_energy": 57802752.0,
            "memory_energy": 937318285.0,
            "energy_breakdown_per_level": {
                "O": [
                    441564480.0,
                    7056000.0,
                    16437900.0,
                    12544000.0
                ],
                "W": [
                    115869105.0,
                    415200.0,
                    18432000.0
                ],
                "I": [
                    289119600.0,
                    21480000.0,
                    14400000.0
                ]
            },
            "energy_breakdown_per_level_per_operand": {
                "O": [
                    "4waydatamoving (rd /\\: 15770160.0, wr V: 21026880.0, rd V: 173471760.0, wr /\\: 231295680.0)",
                    "4waydatamoving (rd /\\: 1411200.0, wr V: 2116800.0, rd V: 1411200.0, wr /\\: 2116800.0)",
                    "4waydatamoving (rd /\\: 209100.0, wr V: 0, rd V: 7056000.0, wr /\\: 9172800.0)",
                    "4waydatamoving (rd /\\: 0, wr V: 0, rd V: 0, wr /\\: 12544000.0)"
                ],
                "W": [
                    "4waydatamoving (rd /\\: 0.0, wr V: 221265.0, rd V: 115647840.0, wr /\\: 0.0)",
                    "4waydatamoving (rd /\\: 0, wr V: 230400.0, rd V: 184800.0, wr /\\: 0)",
                    "4waydatamoving (rd /\\: 0, wr V: 0, rd V: 18432000.0, wr /\\: 0)"
                ],
                "I": [
                    "4waydatamoving (rd /\\: 0.0, wr V: 173471760.0, rd V: 115647840.0, wr /\\: 0.0)",
                    "4waydatamoving (rd /\\: 0, wr V: 312000.0, rd V: 21168000.0, wr /\\: 0)",
                    "4waydatamoving (rd /\\: 0, wr V: 0, rd V: 14400000.0, wr /\\: 0)"
                ]
            }
        },
        "latency": {
            "data_onloading": 14861,
            "computation": 776160,
            "data_offloading": 12744
        },
        "spatial": {
            "mac_utilization": {
                "ideal": 0.8865800865800866,
                "stalls": 0.8865800865800866,
                "stalls_onloading": 0.8699238073325487,
                "stalls_onloading_offloading": 0.8561308342612579
            }
        }
    },
    "inputs": {
        "accelerator": {
            "name": "Eyeriss-like-simple",
            "cores": [
                {
                    "id": 1,
                    "operational_array": {
                        "operational_unit": {
                            "input_precision": [
                                8,
                                8
                            ],
                            "output_precision": 16,
                            "precision": [
                                8,
                                8,
                                16
                            ],
                            "cost": 0.5,
                            "area": 0.1
                        },
                        "dimensions": [
                            {
                                "id": 0,
                                "name": "D1",
                                "size": 14
                            },
                            {
                                "id": 1,
                                "name": "D2",
                                "size": 12
                            }
                        ]
                    },
                    "memory_hierarchy": {
                        "memory_levels": [
                            "MemoryLevel(instance=rf_64B,operands=['I1'],served_dimensions=set())",
                            "MemoryLevel(instance=rf_64B,operands=['I2'],served_dimensions=set())",
                            "MemoryLevel(instance=rf_16B,operands=['O'],served_dimensions=set())",
                            "MemoryLevel(instance=sram_64KB,operands=['I2'],served_dimensions={Dimension(id=0,name=D1,size=14), Dimension(id=1,name=D2,size=12)})",
                            "MemoryLevel(instance=sram_8KB,operands=['O'],served_dimensions={Dimension(id=0,name=D1,size=14), Dimension(id=1,name=D2,size=12)})",
                            "MemoryLevel(instance=sram_1M,operands=['I1', 'O'],served_dimensions={Dimension(id=0,name=D1,size=14), Dimension(id=1,name=D2,size=12)})",
                            "MemoryLevel(instance=dram,operands=['I1', 'I2', 'O'],served_dimensions={Dimension(id=0,name=D1,size=14), Dimension(id=1,name=D2,size=12)})"
                        ]
                    },
                    "dataflows": null,
                    "mem_hierarchy_dict": {
                        "I1": [
                            "MemoryLevel(instance=rf_64B,operands=['I1'],served_dimensions=set())",
                            "MemoryLevel(instance=sram_1M,operands=['I1', 'O'],served_dimensions={Dimension(id=0,name=D1,size=14), Dimension(id=1,name=D2,size=12)})",
                            "MemoryLevel(instance=dram,operands=['I1', 'I2', 'O'],served_dimensions={Dimension(id=0,name=D1,size=14), Dimension(id=1,name=D2,size=12)})"
                        ],
                        "I2": [
                            "MemoryLevel(instance=rf_64B,operands=['I2'],served_dimensions=set())",
                            "MemoryLevel(instance=sram_64KB,operands=['I2'],served_dimensions={Dimension(id=0,name=D1,size=14), Dimension(id=1,name=D2,size=12)})",
                            "MemoryLevel(instance=dram,operands=['I1', 'I2', 'O'],served_dimensions={Dimension(id=0,name=D1,size=14), Dimension(id=1,name=D2,size=12)})"
                        ],
                        "O": [
                            "MemoryLevel(instance=rf_16B,operands=['O'],served_dimensions=set())",
                            "MemoryLevel(instance=sram_8KB,operands=['O'],served_dimensions={Dimension(id=0,name=D1,size=14), Dimension(id=1,name=D2,size=12)})",
                            "MemoryLevel(instance=sram_1M,operands=['I1', 'O'],served_dimensions={Dimension(id=0,name=D1,size=14), Dimension(id=1,name=D2,size=12)})",
                            "MemoryLevel(instance=dram,operands=['I1', 'I2', 'O'],served_dimensions={Dimension(id=0,name=D1,size=14), Dimension(id=1,name=D2,size=12)})"
                        ]
                    },