{
    "outputs": {
        "memory": {
            "utilization": {
                "O": [
                    1.0,
                    0.0250244140625,
                    0.3828125,
                    0.0004816896
                ],
                "X": [
                    0.25,
                    0.765625,
                    0.0004816896
                ],
                "Y": [
                    0.25,
                    0.3828125,
                    0.0004816896
                ]
            },
            "word_accesses": {
                "O": [
                    "4waydatamoving (rd /\\: 76440.0, wr V: 0, rd V: 0, wr /\\: 203840.0)",
                    "4waydatamoving (rd /\\: 12740.0, wr V: 0, rd V: 0, wr /\\: 12740.0)",
                    "4waydatamoving (rd /\\: 4182.0, wr V: 0, rd V: 0, wr /\\: 4900.0)",
                    "4waydatamoving (rd /\\: 0, wr V: 0, rd V: 0, wr /\\: 25088.0)"
                ],
                "X": [
                    "4waydatamoving (rd /\\: 0, wr V: 203840.0, rd V: 203840.0, wr /\\: 0)",
                    "4waydatamoving (rd /\\: 0, wr V: 12544.0, rd V: 12740.0, wr /\\: 0)",
                    "4waydatamoving (rd /\\: 0, wr V: 0, rd V: 25088.0, wr /\\: 0)"
                ],
                "Y": [
                    "4waydatamoving (rd /\\: 0, wr V: 203840.0, rd V: 203840.0, wr /\\: 0)",
                    "4waydatamoving (rd /\\: 0, wr V: 4182.0, rd V: 4900.0, wr /\\: 0)",
                    "4waydatamoving (rd /\\: 0, wr V: 0, rd V: 25088.0, wr /\\: 0)"
                ]
            }
        },
        "energy": {
            "energy_total": 79881652.0,
            "operational_energy": 100352.0,
            "memory_energy": 79781300.0,
            "energy_breakdown_per_level": {
                "O": [
                    522340.0,
                    318500.0,
                    1055200.0,
                    25088000.0
                ],
                "X": [
                    509600.0,
                    568400.0,
                    25088000.0
                ],
                "Y": [
                    509600.0,
                    1033660.0,
                    25088000.0
                ]
            },
            "energy_breakdown_per_level_per_operand": {
                "O": [
                    "4waydatamoving (rd /\\: 114660.0, wr V: 0, rd V: 0.0, wr /\\: 407680.0)",
                    "4waydatamoving (rd /\\: 127400.0, wr V: 0, rd V: 0, wr /\\: 191100.0)",
                    "4waydatamoving (rd /\\: 418200.0, wr V: 0, rd V: 0, wr /\\: 637000.0)",
                    "4waydatamoving (rd /\\: 0, wr V: 0, rd V: 0, wr /\\: 25088000.0)"
                ],
                "X": [
                    "4waydatamoving (rd /\\: 0.0, wr V: 305760.0, rd V: 203840.0, wr /\\: 0.0)",
                    "4waydatamoving (rd /\\: 0, wr V: 313600.0, rd V: 254800.0, wr /\\: 0)",
                    "4waydatamoving (rd /\\: 0, wr V: 0, rd V: 25088000.0, wr /\\: 0)"
                ],
                "Y": [
                    "4waydatamoving (rd /\\: 0.0, wr V: 305760.0, rd V: 203840.0, wr /\\: 0.0)",
                    "4waydatamoving (rd /\\: 0, wr V: 543660.0, rd V: 490000.0, wr /\\: 0)",
                    "4waydatamoving (rd /\\: 0, wr V: 0, rd V: 25088000.0, wr /\\: 0)"
                ]
            }
        },
        "latency": {
            "data_onloading": 25496,
            "computation": 23030,
            "data_offloading": 25506
        },
        "spatial": {
            "mac_utilization": {
                "ideal": 0.07621173469387756,
                "stalls": 0.05188884064264004,
                "stalls_onloading": 0.024625973704818036,
                "stalls_onloading_offloading": 0.01614166846768965
            }
        }
    },
    "inputs": {
        "accelerator": {
            "name": "Eyeriss-like-simple",
            "cores": [
                {
                    "id": 1,
                    "operational_array": {
                        "operational_unit": {
                            "input_precision": [
                                8,
                                8
                            ],
                            "output_precision": 16,
                            "precision": [
                                8,
                                8,
                                16
                            ],
                            "cost": 0.5,
                            "area": 0.1
                        },
                        "dimensions": [
                            {
                                "id": 0,
                                "name": "D1",
                                "size": 14
                            },
                            {
                                "id": 1,
                                "name": "D2",
                                "size": 12
                            }
                        ]
                    },
                    "memory_hierarchy": {
                        "memory_levels": [
                            "MemoryLevel(instance=rf_64B,operands=['I1'],served_dimensions=set())",
                            "MemoryLevel(instance=rf_64B,operands=['I2'],served_dimensions=set())",
                            "MemoryLevel(instance=rf_16B,operands=['O'],served_dimensions=set())",
                            "MemoryLevel(instance=sram_64KB,operands=['I2'],served_dimensions={Dimension(id=0,name=D1,size=14), Dimension(id=1,name=D2,size=12)})",
                            "MemoryLevel(instance=sram_8KB,operands=['O'],served_dimensions={Dimension(id=0,name=D1,size=14), Dimension(id=1,name=D2,size=12)})",
                            "MemoryLevel(instance=sram_1M,operands=['I1', 'O'],served_dimensions={Dimension(id=0,name=D1,size=14), Dimension(id=1,name=D2,size=12)})",
                            "MemoryLevel(instance=dram,operands=['I1', 'I2', 'O'],served_dimensions={Dimension(id=0,name=D1,size=14), Dimension(id=1,name=D2,size=12)})"
                        ]
                    },
                    "dataflows": null,
                    "mem_hierarchy_dict": {
                        "I1": [
                            "MemoryLevel(instance=rf_64B,operands=['I1'],served_dimensions=set())",
                            "MemoryLevel(instance=sram_1M,operands=['I1', 'O'],served_dimensions={Dimension(id=0,name=D1,size=14), Dimension(id=1,name=D2,size=12)})",
                            "MemoryLevel(instance=dram,operands=['I1', 'I2', 'O'],served_dimensions={Dimension(id=0,name=D1,size=14), Dimension(id=1,name=D2,size=12)})"
                        ],
                        "I2": [
                            "MemoryLevel(instance=rf_64B,operands=['I2'],served_dimensions=set())",
                            "MemoryLevel(instance=sram_64KB,operands=['I2'],served_dimensions={Dimension(id=0,name=D1,size=14), Dimension(id=1,name=D2,size=12)})",
                            "MemoryLevel(instance=dram,operands=['I1', 'I2', 'O'],served_dimensions={Dimension(id=0,name=D1,size=14), Dimension(id=1,name=D2,size=12)})"
                        ],
                        "O": [
                            "MemoryLevel(instance=rf_16B,operands=['O'],served_dimensions=set())",
                            "MemoryLevel(instance=sram_8KB,operands=['O'],served_dimensions={Dimension(id=0,name=D1,size=14), Dimension(id=1,name=D2,size=12)})",
                            "MemoryLevel(instance=sram_1M,operands=['I1', 'O'],served_dimensions={Dimension(id=0,name=D1,size=14), Dimension(id=1,name=D2,size=12)})",
                            "MemoryLevel(instance=dram,operands=['I1', 'I2', 'O'],served_dimensions={Dimension(id=0,name=D1,size=14), Dimension(id=1,name=D2,size=12)})"
                        ]
                    },