{
    "outputs": {
        "memory": {
            "utilization": {
                "O": [
                    0.125,
                    0.050048828125,
                    0.15687084197998047,
                    0.0007756376
                ],
                "W": [
                    0.546875,
                    0.1435546875,
                    0.0007756376
                ],
                "I": [
                    0.109375,
                    0.15687084197998047,
                    0.0007756376
                ]
            },
            "word_accesses": {
                "O": [
                    "4waydatamoving (rd /\\: 16683520.0, wr V: 16683520.0, rd V: 116784640.0, wr /\\: 116784640.0)",
                    "4waydatamoving (rd /\\: 713440.0, wr V: 713440.0, rd V: 878080.0, wr /\\: 878080.0)",
                    "4waydatamoving (rd /\\: 16800.0, wr V: 0, rd V: 246960.0, wr /\\: 246960.0)",
                    "4waydatamoving (rd /\\: 0, wr V: 0, rd V: 0, wr /\\: 100352.0)"
                ],
                "W": [
                    "4waydatamoving (rd /\\: 0, wr V: 1042720.0, rd V: 116784640.0, wr /\\: 0)",
                    "4waydatamoving (rd /\\: 0, wr V: 588.0, rd V: 65856.0, wr /\\: 0)",
                    "4waydatamoving (rd /\\: 0, wr V: 0, rd V: 1176.0, wr /\\: 0)"
                ],
                "I": [
                    "4waydatamoving (rd /\\: 0, wr V: 116784640.0, rd V: 116784640.0, wr /\\: 0)",
                    "4waydatamoving (rd /\\: 0, wr V: 3278.0, rd V: 439040.0, wr /\\: 0)",
                    "4waydatamoving (rd /\\: 0, wr V: 0, rd V: 19666.0, wr /\\: 0)"
                ]
            }
        },
        "energy": {
            "energy_total": 1201580616.0,
            "operational_energy": 59006976.0,
            "memory_energy": 1142573640.0,
            "energy_breakdown_per_level": {
                "O": [
                    467138560.0,
                    39788000.0,
                    58480800.0,
                    100352000.0
                ],
                "W": [
                    118348720.0,
                    1331820.0,
                    1176000.0
                ],
                "I": [
                    291961600.0,
                    44330140.0,
                    19666000.0
                ]
            },
            "energy_breakdown_per_level_per_operand": {
                "O": [
                    "4waydatamoving (rd /\\: 25025280.0, wr V: 33367040.0, rd V: 175176960.0, wr /\\: 233569280.0)",
                    "4waydatamoving (rd /\\: 7134400.0, wr V: 10701600.0, rd V: 8780800.0, wr /\\: 13171200.0)",
                    "4waydatamoving (rd /\\: 1680000.0, wr V: 0, rd V: 24696000.0, wr /\\: 32104800.0)",
                    "4waydatamoving (rd /\\: 0, wr V: 0, rd V: 0, wr /\\: 100352000.0)"
                ],
                "W": [
                    "4waydatamoving (rd /\\: 0.0, wr V: 1564080.0, rd V: 116784640.0, wr /\\: 0.0)",
                    "4waydatamoving (rd /\\: 0, wr V: 14700.0, rd V: 1317120.0, wr /\\: 0)",
                    "4waydatamoving (rd /\\: 0, wr V: 0, rd V: 1176000.0, wr /\\: 0)"
                ],
                "I": [
                    "4waydatamoving (rd /\\: 0.0, wr V: 175176960.0, rd V: 116784640.0, wr /\\: 0.0)",
                    "4waydatamoving (rd /\\: 0, wr V: 426140.0, rd V: 43904000.0, wr /\\: 0)",
                    "4waydatamoving (rd /\\: 0, wr V: 0, rd V: 19666000.0, wr /\\: 0)"
                ]
            }
        },
        "latency": {
            "data_onloading": 19673,
            "computation": 3073280,
            "data_offloading": 938
        },
        "spatial": {
            "mac_utilization": {
                "ideal": 0.22857142857142856,
                "stalls": 0.22857142857142856,
                "stalls_onloading": 0.2271175798662314,
                "stalls_onloading_offloading": 0.22704872278952296
            }
        }
    },
    "inputs": {
        "accelerator": {
            "name": "Eyeriss-like-simple",
            "cores": [
                {
                    "id": 1,
                    "operational_array": {
                        "operational_unit": {
                            "input_precision": [
                                8,
                                8
                            ],
                            "output_precision": 16,
                            "precision": [
                                8,
                                8,
                                16
                            ],
                            "cost": 0.5,
                            "area": 0.1
                        },
                        "dimensions": [
                            {
                                "id": 0,
                                "name": "D1",
                                "size": 14
                            },
                            {
                                "id": 1,
                                "name": "D2",
                                "size": 12
                            }
                        ]
                    },
                    "memory_hierarchy": {
                        "memory_levels": [
                            "MemoryLevel(instance=rf_64B,operands=['I1'],served_dimensions=set())",
                            "MemoryLevel(instance=rf_64B,operands=['I2'],served_dimensions=set())",
                            "MemoryLevel(instance=rf_16B,operands=['O'],served_dimensions=set())",
                            "MemoryLevel(instance=sram_64KB,operands=['I2'],served_dimensions={Dimension(id=0,name=D1,size=14), Dimension(id=1,name=D2,size=12)})",
                            "MemoryLevel(instance=sram_8KB,operands=['O'],served_dimensions={Dimension(id=0,name=D1,size=14), Dimension(id=1,name=D2,size=12)})",
                            "MemoryLevel(instance=sram_1M,operands=['I1', 'O'],served_dimensions={Dimension(id=0,name=D1,size=14), Dimension(id=1,name=D2,size=12)})",
                            "MemoryLevel(instance=dram,operands=['I1', 'I2', 'O'],served_dimensions={Dimension(id=0,name=D1,size=14), Dimension(id=1,name=D2,size=12)})"
                        ]
                    },
                    "dataflows": null,
                    "mem_hierarchy_dict": {
                        "I1": [
                            "MemoryLevel(instance=rf_64B,operands=['I1'],served_dimensions=set())",
                            "MemoryLevel(instance=sram_1M,operands=['I1', 'O'],served_dimensions={Dimension(id=0,name=D1,size=14), Dimension(id=1,name=D2,size=12)})",
                            "MemoryLevel(instance=dram,operands=['I1', 'I2', 'O'],served_dimensions={Dimension(id=0,name=D1,size=14), Dimension(id=1,name=D2,size=12)})"
                        ],
                        "I2": [
                            "MemoryLevel(instance=rf_64B,operands=['I2'],served_dimensions=set())",
                            "MemoryLevel(instance=sram_64KB,operands=['I2'],served_dimensions={Dimension(id=0,name=D1,size=14), Dimension(id=1,name=D2,size=12)})",
                            "MemoryLevel(instance=dram,operands=['I1', 'I2', 'O'],served_dimensions={Dimension(id=0,name=D1,size=14), Dimension(id=1,name=D2,size=12)})"
                        ],