{
    "outputs": {
        "memory": {
            "utilization": {
                "O": [
                    0.375,
                    0.1220703125,
                    0.00144195556640625,
                    0.0004108096
                ],
                "W": [
                    0.03125,
                    0.217010498046875,
                    0.0004108096
                ],
                "I": [
                    0.671875,
                    0.00144195556640625,
                    0.0004108096
                ]
            },
            "word_accesses": {
                "O": [
                    "4waydatamoving (rd /\\: 3960.0, wr V: 0, rd V: 510840.0, wr /\\: 510840.0)",
                    "4waydatamoving (rd /\\: 63.0, wr V: 0, rd V: 0, wr /\\: 72.0)",
                    "4waydatamoving (rd /\\: 21.0, wr V: 0, rd V: 0, wr /\\: 21.0)",
                    "4waydatamoving (rd /\\: 0, wr V: 0, rd V: 0, wr /\\: 125.0)"
                ],
                "W": [
                    "4waydatamoving (rd /\\: 0, wr V: 510840.0, rd V: 510840.0, wr /\\: 0)",
                    "4waydatamoving (rd /\\: 0, wr V: 32004.0, rd V: 32508.0, wr /\\: 0)",
                    "4waydatamoving (rd /\\: 0, wr V: 0, rd V: 64008.0, wr /\\: 0)"
                ],
                "I": [
                    "4waydatamoving (rd /\\: 0, wr V: 7095.0, rd V: 255420.0, wr /\\: 0)",
                    "4waydatamoving (rd /\\: 0, wr V: 11.0, rd V: 11.0, wr /\\: 0)",
                    "4waydatamoving (rd /\\: 0, wr V: 0, rd V: 64.0, wr /\\: 0)"
                ]
            }
        },
        "energy": {
            "energy_total": 69249372.5,
            "operational_energy": 256000.0,
            "memory_energy": 68993372.5,
            "energy_breakdown_per_level": {
                "O": [
                    1793880.0,
                    1710.0,
                    4830.0,
                    125000.0
                ],
                "W": [
                    1277100.0,
                    1450260.0,
                    64008000.0
                ],
                "I": [
                    266062.5,
                    2530.0,
                    64000.0
                ]
            },
            "energy_breakdown_per_level_per_operand": {
                "O": [
                    "4waydatamoving (rd /\\: 5940.0, wr V: 0, rd V: 766260.0, wr /\\: 1021680.0)",
                    "4waydatamoving (rd /\\: 630.0, wr V: 0, rd V: 0, wr /\\: 1080.0)",
                    "4waydatamoving (rd /\\: 2100.0, wr V: 0, rd V: 0, wr /\\: 2730.0)",
                    "4waydatamoving (rd /\\: 0, wr V: 0, rd V: 0, wr /\\: 125000.0)"
                ],
                "W": [
                    "4waydatamoving (rd /\\: 0.0, wr V: 766260.0, rd V: 510840.0, wr /\\: 0.0)",
                    "4waydatamoving (rd /\\: 0, wr V: 800100.0, rd V: 650160.0, wr /\\: 0)",
                    "4waydatamoving (rd /\\: 0, wr V: 0, rd V: 64008000.0, wr /\\: 0)"
                ],
                "I": [
                    "4waydatamoving (rd /\\: 0.0, wr V: 10642.5, rd V: 255420.0, wr /\\: 0.0)",
                    "4waydatamoving (rd /\\: 0, wr V: 1430.0, rd V: 1100.0, wr /\\: 0)",
                    "4waydatamoving (rd /\\: 0, wr V: 0, rd V: 64000.0, wr /\\: 0)"
                ]
            }
        },
        "latency": {
            "data_onloading": 1827,
            "computation": 63296,
            "data_offloading": 195
        },
        "spatial": {
            "mac_utilization": {
                "ideal": 0.9844961240310077,
                "stalls": 0.04815470171890799,
                "stalls_onloading": 0.04680374061391521,
                "stalls_onloading_offloading": 0.04666401298263878
            }
        }
    },
    "inputs": {
        "accelerator": {
            "name": "Eyeriss-like-simple",
            "cores": [
                {
                    "id": 1,
                    "operational_array": {
                        "operational_unit": {
                            "input_precision": [
                                8,
                                8
                            ],
                            "output_precision": 16,
                            "precision": [
                                8,
                                8,
                                16
                            ],
                            "cost": 0.5,
                            "area": 0.1
                        },
                        "dimensions": [
                            {
                                "id": 0,
                                "name": "D1",
                                "size": 14
                            },
                            {
                                "id": 1,
                                "name": "D2",
                                "size": 12
                            }
                        ]
                    },
                    "memory_hierarchy": {
                        "memory_levels": [
                            "MemoryLevel(instance=rf_64B,operands=['I1'],served_dimensions=set())",
                            "MemoryLevel(instance=rf_64B,operands=['I2'],served_dimensions=set())",
                            "MemoryLevel(instance=rf_16B,operands=['O'],served_dimensions=set())",
                            "MemoryLevel(instance=sram_64KB,operands=['I2'],served_dimensions={Dimension(id=0,name=D1,size=14), Dimension(id=1,name=D2,size=12)})",
                            "MemoryLevel(instance=sram_8KB,operands=['O'],served_dimensions={Dimension(id=0,name=D1,size=14), Dimension(id=1,name=D2,size=12)})",
                            "MemoryLevel(instance=sram_1M,operands=['I1', 'O'],served_dimensions={Dimension(id=0,name=D1,size=14), Dimension(id=1,name=D2,size=12)})",
                            "MemoryLevel(instance=dram,operands=['I1', 'I2', 'O'],served_dimensions={Dimension(id=0,name=D1,size=14), Dimension(id=1,name=D2,size=12)})"
                        ]
                    },
                    "dataflows": null,
                    "mem_hierarchy_dict": {
                        "I1": [
                            "MemoryLevel(instance=rf_64B,operands=['I1'],served_dimensions=set())",
                            "MemoryLevel(instance=sram_1M,operands=['I1', 'O'],served_dimensions={Dimension(id=0,name=D1,size=14), Dimension(id=1,name=D2,size=12)})",
                            "MemoryLevel(instance=dram,operands=['I1', 'I2', 'O'],served_dimensions={Dimension(id=0,name=D1,size=14), Dimension(id=1,name=D2,size=12)})"
                        ],
                        "I2": [
                            "MemoryLevel(instance=rf_64B,operands=['I2'],served_dimensions=set())",
                            "MemoryLevel(instance=sram_64KB,operands=['I2'],served_dimensions={Dimension(id=0,name=D1,size=14), Dimension(id=1,name=D2,size=12)})",
                            "MemoryLevel(instance=dram,operands=['I1', 'I2', 'O'],served_dimensions={Dimension(id=0,name=D1,size=14), Dimension(id=1,name=D2,size=12)})"
                        ],
                        "O": [
                            "MemoryLevel(instance=rf_16B,operands=['O'],served_dimensions=set())",
                            "MemoryLevel(instance=sram_8KB,operands=['O'],served_dimensions={Dimension(id=0,name=D1,size=14), Dimension(id=1,name=D2,size=12)})",
                            "MemoryLevel(instance=sram_1M,operands=['I1', 'O'],served_dimensions={Dimension(id=0,name=D1,size=14), Dimension(id=1,name=D2,size=12)})",
                            "MemoryLevel(instance=dram,operands=['I1', 'I2', 'O'],served_dimensions={Dimension(id=0,name=D1,size=14), Dimension(id=1,name=D2,size=12)})"
                        ]
                    },