{
    "outputs": {
        "memory": {
            "utilization": {
                "O": [
                    0.125,
                    0.003173828125,
                    0.29400634765625,
                    0.00030561280000000003
                ],
                "W": [
                    0.9375,
                    0.375,
                    0.00030561280000000003
                ],
                "I": [
                    0.09375,
                    0.29400634765625,
                    0.00030561280000000003
                ]
            },
            "word_accesses": {
                "O": [
                    "4waydatamoving (rd /\\: 9666720.0, wr V: 9666720.0, rd V: 58000320.0, wr /\\: 58000320.0)",
                    "4waydatamoving (rd /\\: 141120.0, wr V: 141120.0, rd V: 141120.0, wr /\\: 141120.0)",
                    "4waydatamoving (rd /\\: 2091.0, wr V: 0, rd V: 70560.0, wr /\\: 70560.0)",
                    "4waydatamoving (rd /\\: 0, wr V: 0, rd V: 0, wr /\\: 12544.0)"
                ],
                "W": [
                    "4waydatamoving (rd /\\: 0, wr V: 73980.0, rd V: 58000320.0, wr /\\: 0)",
                    "4waydatamoving (rd /\\: 0, wr V: 4608.0, rd V: 4626.0, wr /\\: 0)",
                    "4waydatamoving (rd /\\: 0, wr V: 0, rd V: 9216.0, wr /\\: 0)"
                ],
                "I": [
                    "4waydatamoving (rd /\\: 0, wr V: 58000320.0, rd V: 58000320.0, wr /\\: 0)",
                    "4waydatamoving (rd /\\: 0, wr V: 4332.0, rd V: 141120.0, wr /\\: 0)",
                    "4waydatamoving (rd /\\: 0, wr V: 0, rd V: 25992.0, wr /\\: 0)"
                ]
            }
        },
        "energy": {
            "energy_total": 554976886.0,
            "operational_energy": 28901376.0,
            "memory_energy": 526075510.0,
            "energy_breakdown_per_level": {
                "O": [
                    236834640.0,
                    7056000.0,
                    16437900.0,
                    12544000.0
                ],
                "W": [
                    58111290.0,
                    207720.0,
                    9216000.0
                ],
                "I": [
                    145000800.0,
                    14675160.0,
                    25992000.0
                ]
            },
            "energy_breakdown_per_level_per_operand": {
                "O": [
                    "4waydatamoving (rd /\\: 14500080.0, wr V: 19333440.0, rd V: 87000480.0, wr /\\: 116000640.0)",
                    "4waydatamoving (rd /\\: 1411200.0, wr V: 2116800.0, rd V: 1411200.0, wr /\\: 2116800.0)",
                    "4waydatamoving (rd /\\: 209100.0, wr V: 0, rd V: 7056000.0, wr /\\: 9172800.0)",
                    "4waydatamoving (rd /\\: 0, wr V: 0, rd V: 0, wr /\\: 12544000.0)"
                ],
                "W": [
                    "4waydatamoving (rd /\\: 0.0, wr V: 110970.0, rd V: 58000320.0, wr /\\: 0.0)",
                    "4waydatamoving (rd /\\: 0, wr V: 115200.0, rd V: 92520.0, wr /\\: 0)",
                    "4waydatamoving (rd /\\: 0, wr V: 0, rd V: 9216000.0, wr /\\: 0)"
                ],
                "I": [
                    "4waydatamoving (rd /\\: 0.0, wr V: 87000480.0, rd V: 58000320.0, wr /\\: 0.0)",
                    "4waydatamoving (rd /\\: 0, wr V: 563160.0, rd V: 14112000.0, wr /\\: 0)",
                    "4waydatamoving (rd /\\: 0, wr V: 0, rd V: 25992000.0, wr /\\: 0)"
                ]
            }
        },
        "latency": {
            "data_onloading": 26811,
            "computation": 423360,
            "data_offloading": 12744
        },
        "spatial": {
            "mac_utilization": {
                "ideal": 0.8126984126984127,
                "stalls": 0.8126984126984127,
                "stalls_onloading": 0.7642962340977095,
                "stalls_onloading_offloading": 0.7432552412429928
            }
        }
    },
    "inputs": {
        "accelerator": {
            "name": "Eyeriss-like-simple",
            "cores": [
                {
                    "id": 1,
                    "operational_array": {
                        "operational_unit": {
                            "input_precision": [
                                8,
                                8
                            ],
                            "output_precision": 16,
                            "precision": [
                                8,
                                8,
                                16
                            ],
                            "cost": 0.5,
                            "area": 0.1
                        },
                        "dimensions": [
                            {
                                "id": 0,
                                "name": "D1",
                                "size": 14
                            },
                            {
                                "id": 1,
                                "name": "D2",
                                "size": 12
                            }
                        ]
                    },
                    "memory_hierarchy": {
                        "memory_levels": [
                            "MemoryLevel(instance=rf_64B,operands=['I1'],served_dimensions=set())",
                            "MemoryLevel(instance=rf_64B,operands=['I2'],served_dimensions=set())",
                            "MemoryLevel(instance=rf_16B,operands=['O'],served_dimensions=set())",
                            "MemoryLevel(instance=sram_64KB,operands=['I2'],served_dimensions={Dimension(id=0,name=D1,size=14), Dimension(id=1,name=D2,size=12)})",
                            "MemoryLevel(instance=sram_8KB,operands=['O'],served_dimensions={Dimension(id=0,name=D1,size=14), Dimension(id=1,name=D2,size=12)})",
                            "MemoryLevel(instance=sram_1M,operands=['I1', 'O'],served_dimensions={Dimension(id=0,name=D1,size=14), Dimension(id=1,name=D2,size=12)})",
                            "MemoryLevel(instance=dram,operands=['I1', 'I2', 'O'],served_dimensions={Dimension(id=0,name=D1,size=14), Dimension(id=1,name=D2,size=12)})"
                        ]
                    },
                    "dataflows": null,
                    "mem_hierarchy_dict": {
                        "I1": [
                            "MemoryLevel(instance=rf_64B,operands=['I1'],served_dimensions=set())",
                            "MemoryLevel(instance=sram_1M,operands=['I1', 'O'],served_dimensions={Dimension(id=0,name=D1,size=14), Dimension(id=1,name=D2,size=12)})",
                            "MemoryLevel(instance=dram,operands=['I1', 'I2', 'O'],served_dimensions={Dimension(id=0,name=D1,size=14), Dimension(id=1,name=D2,size=12)})"
                        ],
                        "I2": [
                            "MemoryLevel(instance=rf_64B,operands=['I2'],served_dimensions=set())",
                            "MemoryLevel(instance=sram_64KB,operands=['I2'],served_dimensions={Dimension(id=0,name=D1,size=14), Dimension(id=1,name=D2,size=12)})",
                            "MemoryLevel(instance=dram,operands=['I1', 'I2', 'O'],served_dimensions={Dimension(id=0,name=D1,size=14), Dimension(id=1,name=D2,size=12)})"
                        ],
                        "O": [
                            "MemoryLevel(instance=rf_16B,operands=['O'],served_dimensions=set())",
                            "MemoryLevel(instance=sram_8KB,operands=['O'],served_dimensions={Dimension(id=0,name=D1,size=14), Dimension(id=1,name=D2,size=12)})",
                            "MemoryLevel(instance=sram_1M,operands=['I1', 'O'],served_dimensions={Dimension(id=0,name=D1,size=14), Dimension(id=1,name=D2,size=12)})",
                            "MemoryLevel(instance=dram,operands=['I1', 'I2', 'O'],served_dimensions={Dimension(id=0,name=D1,size=14), Dimension(id=1,name=D2,size=12)})"
                        ]
                    },