{
    "outputs": {
        "memory": {
            "utilization": {
                "O": [
                    0.875,
                    0.082763671875,
                    0.078857421875,
                    0.0010098688
                ],
                "W": [
                    0.34375,
                    0.486480712890625,
                    0.0010098688
                ],
                "I": [
                    0.34375,
                    0.078857421875,
                    0.0010098688
                ]
            },
            "word_accesses": {
                "O": [
                    "4waydatamoving (rd /\\: 1876455.0, wr V: 1876455.0, rd V: 57794814.0, wr /\\: 57794814.0)",
                    "4waydatamoving (rd /\\: 1591.0, wr V: 0, rd V: 30303.0, wr /\\: 30303.0)",
                    "4waydatamoving (rd /\\: 523.0, wr V: 0, rd V: 0, wr /\\: 555.0)",
                    "4waydatamoving (rd /\\: 0, wr V: 0, rd V: 0, wr /\\: 3136.0)"
                ],
                "W": [
                    "4waydatamoving (rd /\\: 0, wr V: 1179486.0, rd V: 57794814.0, wr /\\: 0)",
                    "4waydatamoving (rd /\\: 0, wr V: 73741.0, rd V: 73926.0, wr /\\: 0)",
                    "4waydatamoving (rd /\\: 0, wr V: 0, rd V: 147482.0, wr /\\: 0)"
                ],
                "I": [
                    "4waydatamoving (rd /\\: 0, wr V: 57794814.0, rd V: 57794814.0, wr /\\: 0)",
                    "4waydatamoving (rd /\\: 0, wr V: 1200.0, rd V: 97902.0, wr /\\: 0)",
                    "4waydatamoving (rd /\\: 0, wr V: 0, rd V: 7200.0, wr /\\: 0)"
                ]
            }
        },
        "energy": {
            "energy_total": 613786075.5,
            "operational_energy": 28901376.0,
            "memory_energy": 584884699.5,
            "energy_breakdown_per_level": {
                "O": [
                    208849441.5,
                    773485.0,
                    124450.0,
                    3136000.0
                ],
                "W": [
                    59564043.0,
                    3322045.0,
                    147482000.0
                ],
                "I": [
                    144487035.0,
                    9946200.0,
                    7200000.0
                ]
            },
            "energy_breakdown_per_level_per_operand": {
                "O": [
                    "4waydatamoving (rd /\\: 2814682.5, wr V: 3752910.0, rd V: 86692221.0, wr /\\: 115589628.0)",
                    "4waydatamoving (rd /\\: 15910.0, wr V: 0, rd V: 303030.0, wr /\\: 454545.0)",
                    "4waydatamoving (rd /\\: 52300.0, wr V: 0, rd V: 0, wr /\\: 72150.0)",
                    "4waydatamoving (rd /\\: 0, wr V: 0, rd V: 0, wr /\\: 3136000.0)"
                ],
                "W": [
                    "4waydatamoving (rd /\\: 0.0, wr V: 1769229.0, rd V: 57794814.0, wr /\\: 0.0)",
                    "4waydatamoving (rd /\\: 0, wr V: 1843525.0, rd V: 1478520.0, wr /\\: 0)",
                    "4waydatamoving (rd /\\: 0, wr V: 0, rd V: 147482000.0, wr /\\: 0)"
                ],
                "I": [
                    "4waydatamoving (rd /\\: 0.0, wr V: 86692221.0, rd V: 57794814.0, wr /\\: 0.0)",
                    "4waydatamoving (rd /\\: 0, wr V: 156000.0, rd V: 9790200.0, wr /\\: 0)",
                    "4waydatamoving (rd /\\: 0, wr V: 0, rd V: 7200000.0, wr /\\: 0)"
                ]
            }
        },
        "latency": {
            "data_onloading": 7447,
            "computation": 358974,
            "data_offloading": 3229
        },
        "spatial": {
            "mac_utilization": {
                "ideal": 0.9584649584649585,
                "stalls": 0.9584649584649585,
                "stalls_onloading": 0.9389854839105837,
                "stalls_onloading_offloading": 0.9307831732720141
            }
        }
    },
    "inputs": {
        "accelerator": {
            "name": "Eyeriss-like-simple",
            "cores": [
                {
                    "id": 1,
                    "operational_array": {
                        "operational_unit": {
                            "input_precision": [
                                8,
                                8
                            ],
                            "output_precision": 16,
                            "precision": [
                                8,
                                8,
                                16
                            ],
                            "cost": 0.5,
                            "area": 0.1
                        },
                        "dimensions": [
                            {
                                "id": 0,
                                "name": "D1",
                                "size": 14
                            },
                            {
                                "id": 1,
                                "name": "D2",
                                "size": 12
                            }
                        ]
                    },
                    "memory_hierarchy": {
                        "memory_levels": [
                            "MemoryLevel(instance=rf_64B,operands=['I1'],served_dimensions=set())",
                            "MemoryLevel(instance=rf_64B,operands=['I2'],served_dimensions=set())",
                            "MemoryLevel(instance=rf_16B,operands=['O'],served_dimensions=set())",
                            "MemoryLevel(instance=sram_64KB,operands=['I2'],served_dimensions={Dimension(id=0,name=D1,size=14), Dimension(id=1,name=D2,size=12)})",
                            "MemoryLevel(instance=sram_8KB,operands=['O'],served_dimensions={Dimension(id=0,name=D1,size=14), Dimension(id=1,name=D2,size=12)})",
                            "MemoryLevel(instance=sram_1M,operands=['I1', 'O'],served_dimensions={Dimension(id=0,name=D1,size=14), Dimension(id=1,name=D2,size=12)})",
                            "MemoryLevel(instance=dram,operands=['I1', 'I2', 'O'],served_dimensions={Dimension(id=0,name=D1,size=14), Dimension(id=1,name=D2,size=12)})"
                        ]
                    },
                    "dataflows": null,
                    "mem_hierarchy_dict": {
                        "I1": [
                            "MemoryLevel(instance=rf_64B,operands=['I1'],served_dimensions=set())",
                            "MemoryLevel(instance=sram_1M,operands=['I1', 'O'],served_dimensions={Dimension(id=0,name=D1,size=14), Dimension(id=1,name=D2,size=12)})",
                            "MemoryLevel(instance=dram,operands=['I1', 'I2', 'O'],served_dimensions={Dimension(id=0,name=D1,size=14), Dimension(id=1,name=D2,size=12)})"
                        ],
                        "I2": [
                            "MemoryLevel(instance=rf_64B,operands=['I2'],served_dimensions=set())",
                            "MemoryLevel(instance=sram_64KB,operands=['I2'],served_dimensions={Dimension(id=0,name=D1,size=14), Dimension(id=1,name=D2,size=12)})",
                            "MemoryLevel(instance=dram,operands=['I1', 'I2', 'O'],served_dimensions={Dimension(id=0,name=D1,size=14), Dimension(id=1,name=D2,size=12)})"
                        ],
                        "O": [
                            "MemoryLevel(instance=rf_16B,operands=['O'],served_dimensions=set())",
                            "MemoryLevel(instance=sram_8KB,operands=['O'],served_dimensions={Dimension(id=0,name=D1,size=14), Dimension(id=1,name=D2,size=12)})",
                            "MemoryLevel(instance=sram_1M,operands=['I1', 'O'],served_dimensions={Dimension(id=0,name=D1,size=14), Dimension(id=1,name=D2,size=12)})",
                            "MemoryLevel(instance=dram,operands=['I1', 'I2', 'O'],served_dimensions={Dimension(id=0,name=D1,size=14), Dimension(id=1,name=D2,size=12)})"
                        ]
                    },