{
    "outputs": {
        "memory": {
            "utilization": {
                "O": [
                    0.4375,
                    0.08056640625,
                    0.095703125,
                    0.0001204224
                ],
                "X": [
                    0.765625,
                    0.765625,
                    0.0001204224
                ],
                "Y": [
                    0.765625,
                    0.095703125,
                    0.0001204224
                ]
            },
            "word_accesses": {
                "O": [
                    "4waydatamoving (rd /\\: 20748.0, wr V: 0, rd V: 0, wr /\\: 48412.0)",
                    "4waydatamoving (rd /\\: 3192.0, wr V: 0, rd V: 0, wr /\\: 3192.0)",
                    "4waydatamoving (rd /\\: 1046.0, wr V: 0, rd V: 0, wr /\\: 1064.0)",
                    "4waydatamoving (rd /\\: 0, wr V: 0, rd V: 0, wr /\\: 6272.0)"
                ],
                "X": [
                    "4waydatamoving (rd /\\: 0, wr V: 48412.0, rd V: 48412.0, wr /\\: 0)",
                    "4waydatamoving (rd /\\: 0, wr V: 3136.0, rd V: 3040.0, wr /\\: 0)",
                    "4waydatamoving (rd /\\: 0, wr V: 0, rd V: 6272.0, wr /\\: 0)"
                ],
                "Y": [
                    "4waydatamoving (rd /\\: 0, wr V: 48412.0, rd V: 48412.0, wr /\\: 0)",
                    "4waydatamoving (rd /\\: 0, wr V: 1046.0, rd V: 1064.0, wr /\\: 0)",
                    "4waydatamoving (rd /\\: 0, wr V: 0, rd V: 6272.0, wr /\\: 0)"
                ]
            }
        },
        "energy": {
            "energy_total": 19915394.0,
            "operational_energy": 25088.0,
            "memory_energy": 19890306.0,
            "energy_breakdown_per_level": {
                "O": [
                    127946.0,
                    79800.0,
                    242920.0,
                    6272000.0
                ],
                "X": [
                    121030.0,
                    139200.0,
                    6272000.0
                ],
                "Y": [
                    121030.0,
                    242380.0,
                    6272000.0
                ]
            },
            "energy_breakdown_per_level_per_operand": {
                "O": [
                    "4waydatamoving (rd /\\: 31122.0, wr V: 0, rd V: 0.0, wr /\\: 96824.0)",
                    "4waydatamoving (rd /\\: 31920.0, wr V: 0, rd V: 0, wr /\\: 47880.0)",
                    "4waydatamoving (rd /\\: 104600.0, wr V: 0, rd V: 0, wr /\\: 138320.0)",
                    "4waydatamoving (rd /\\: 0, wr V: 0, rd V: 0, wr /\\: 6272000.0)"
                ],
                "X": [
                    "4waydatamoving (rd /\\: 0.0, wr V: 72618.0, rd V: 48412.0, wr /\\: 0.0)",
                    "4waydatamoving (rd /\\: 0, wr V: 78400.0, rd V: 60800.0, wr /\\: 0)",
                    "4waydatamoving (rd /\\: 0, wr V: 0, rd V: 6272000.0, wr /\\: 0)"
                ],
                "Y": [
                    "4waydatamoving (rd /\\: 0.0, wr V: 72618.0, rd V: 48412.0, wr /\\: 0.0)",
                    "4waydatamoving (rd /\\: 0, wr V: 135980.0, rd V: 106400.0, wr /\\: 0)",
                    "4waydatamoving (rd /\\: 0, wr V: 0, rd V: 6272000.0, wr /\\: 0)"
                ]
            }
        },
        "latency": {
            "data_onloading": 6566,
            "computation": 3724,
            "data_offloading": 6567
        },
        "spatial": {
            "mac_utilization": {
                "ideal": 0.08029001074113856,
                "stalls": 0.08029001074113856,
                "stalls_onloading": 0.02905733722060253,
                "stalls_onloading_offloading": 0.017737438452868244
            }
        }
    },
    "inputs": {
        "accelerator": {
            "name": "Eyeriss-like-simple",
            "cores": [
                {
                    "id": 1,
                    "operational_array": {
                        "operational_unit": {
                            "input_precision": [
                                8,
                                8
                            ],
                            "output_precision": 16,
                            "precision": [
                                8,
                                8,
                                16
                            ],
                            "cost": 0.5,
                            "area": 0.1
                        },
                        "dimensions": [
                            {
                                "id": 0,
                                "name": "D1",
                                "size": 14
                            },
                            {
                                "id": 1,
                                "name": "D2",
                                "size": 12
                            }
                        ]
                    },
                    "memory_hierarchy": {
                        "memory_levels": [
                            "MemoryLevel(instance=rf_64B,operands=['I1'],served_dimensions=set())",
                            "MemoryLevel(instance=rf_64B,operands=['I2'],served_dimensions=set())",
                            "MemoryLevel(instance=rf_16B,operands=['O'],served_dimensions=set())",
                            "MemoryLevel(instance=sram_64KB,operands=['I2'],served_dimensions={Dimension(id=0,name=D1,size=14), Dimension(id=1,name=D2,size=12)})",
                            "MemoryLevel(instance=sram_8KB,operands=['O'],served_dimensions={Dimension(id=0,name=D1,size=14), Dimension(id=1,name=D2,size=12)})",
                            "MemoryLevel(instance=sram_1M,operands=['I1', 'O'],served_dimensions={Dimension(id=0,name=D1,size=14), Dimension(id=1,name=D2,size=12)})",
                            "MemoryLevel(instance=dram,operands=['I1', 'I2', 'O'],served_dimensions={Dimension(id=0,name=D1,size=14), Dimension(id=1,name=D2,size=12)})"
                        ]
                    },
                    "dataflows": null,
                    "mem_hierarchy_dict": {
                        "I1": [
                            "MemoryLevel(instance=rf_64B,operands=['I1'],served_dimensions=set())",
                            "MemoryLevel(instance=sram_1M,operands=['I1', 'O'],served_dimensions={Dimension(id=0,name=D1,size=14), Dimension(id=1,name=D2,size=12)})",
                            "MemoryLevel(instance=dram,operands=['I1', 'I2', 'O'],served_dimensions={Dimension(id=0,name=D1,size=14), Dimension(id=1,name=D2,size=12)})"
                        ],
                        "I2": [
                            "MemoryLevel(instance=rf_64B,operands=['I2'],served_dimensions=set())",
                            "MemoryLevel(instance=sram_64KB,operands=['I2'],served_dimensions={Dimension(id=0,name=D1,size=14), Dimension(id=1,name=D2,size=12)})",
                            "MemoryLevel(instance=dram,operands=['I1', 'I2', 'O'],served_dimensions={Dimension(id=0,name=D1,size=14), Dimension(id=1,name=D2,size=12)})"
                        ],
                        "O": [
                            "MemoryLevel(instance=rf_16B,operands=['O'],served_dimensions=set())",
                            "MemoryLevel(instance=sram_8KB,operands=['O'],served_dimensions={Dimension(id=0,name=D1,size=14), Dimension(id=1,name=D2,size=12)})",
                            "MemoryLevel(instance=sram_1M,operands=['I1', 'O'],served_dimensions={Dimension(id=0,name=D1,size=14), Dimension(id=1,name=D2,size=12)})",
                            "MemoryLevel(instance=dram,operands=['I1', 'I2', 'O'],served_dimensions={Dimension(id=0,name=D1,size=14), Dimension(id=1,name=D2,size=12)})"
                        ]
                    },