{
    "outputs": {
        "memory": {
            "utilization": {
                "O": [
                    0.875,
                    0.16552734375,
                    0.0634765625,
                    0.0019406847999999999
                ],
                "W": [
                    0.140625,
                    0.8372039794921875,
                    0.0019406847999999999
                ],
                "I": [
                    0.421875,
                    0.0634765625,
                    0.0019406847999999999
                ]
            },
            "word_accesses": {
                "O": [
                    "4waydatamoving (rd /\\: 9188025.0, wr V: 9188025.0, rd V: 115769115.0, wr /\\: 115769115.0)",
                    "4waydatamoving (rd /\\: 135235.0, wr V: 135235.0, rd V: 144781.0, wr /\\: 144781.0)",
                    "4waydatamoving (rd /\\: 523.0, wr V: 0, rd V: 46139.0, wr /\\: 46139.0)",
                    "4waydatamoving (rd /\\: 0, wr V: 0, rd V: 0, wr /\\: 3136.0)"
                ],
                "W": [
                    "4waydatamoving (rd /\\: 0, wr V: 2362635.0, rd V: 115769115.0, wr /\\: 0)",
                    "4waydatamoving (rd /\\: 0, wr V: 147490.0, rd V: 147963.0, wr /\\: 0)",
                    "4waydatamoving (rd /\\: 0, wr V: 0, rd V: 294937.0, wr /\\: 0)"
                ],
                "I": [
                    "4waydatamoving (rd /\\: 0, wr V: 49615335.0, rd V: 115769115.0, wr /\\: 0)",
                    "4waydatamoving (rd /\\: 0, wr V: 864.0, rd V: 77959.0, wr /\\: 0)",
                    "4waydatamoving (rd /\\: 0, wr V: 0, rd V: 5184.0, wr /\\: 0)"
                ]
            }
        },
        "energy": {
            "energy_total": 1140134327.0,
            "operational_energy": 57802752.0,
            "memory_energy": 1082331575.0,
            "energy_breakdown_per_level": {
                "O": [
                    437349990.0,
                    7000400.0,
                    10664270.0,
                    3136000.0
                ],
                "W": [
                    119313067.5,
                    6646510.0,
                    294937000.0
                ],
                "I": [
                    190192117.5,
                    7908220.0,
                    5184000.0
                ]
            },
            "energy_breakdown_per_level_per_operand": {
                "O": [
                    "4waydatamoving (rd /\\: 13782037.5, wr V: 18376050.0, rd V: 173653672.5, wr /\\: 231538230.0)",
                    "4waydatamoving (rd /\\: 1352350.0, wr V: 2028525.0, rd V: 1447810.0, wr /\\: 2171715.0)",
                    "4waydatamoving (rd /\\: 52300.0, wr V: 0, rd V: 4613900.0, wr /\\: 5998070.0)",
                    "4waydatamoving (rd /\\: 0, wr V: 0, rd V: 0, wr /\\: 3136000.0)"
                ],
                "W": [
                    "4waydatamoving (rd /\\: 0.0, wr V: 3543952.5, rd V: 115769115.0, wr /\\: 0.0)",
                    "4waydatamoving (rd /\\: 0, wr V: 3687250.0, rd V: 2959260.0, wr /\\: 0)",
                    "4waydatamoving (rd /\\: 0, wr V: 0, rd V: 294937000.0, wr /\\: 0)"
                ],
                "I": [
                    "4waydatamoving (rd /\\: 0.0, wr V: 74423002.5, rd V: 115769115.0, wr /\\: 0.0)",
                    "4waydatamoving (rd /\\: 0, wr V: 112320.0, rd V: 7795900.0, wr /\\: 0)",
                    "4waydatamoving (rd /\\: 0, wr V: 0, rd V: 5184000.0, wr /\\: 0)"
                ]
            }
        },
        "latency": {
            "data_onloading": 7088,
            "computation": 701631,
            "data_offloading": 3272
        },
        "spatial": {
            "mac_utilization": {
                "ideal": 0.9807548412199575,
                "stalls": 0.9807548412199575,
                "stalls_onloading": 0.9709461718960547,
                "stalls_onloading_offloading": 0.9664841269060985
            }
        }
    },
    "inputs": {
        "accelerator": {
            "name": "Eyeriss-like-simple",
            "cores": [
                {
                    "id": 1,
                    "operational_array": {
                        "operational_unit": {
                            "input_precision": [
                                8,
                                8
                            ],
                            "output_precision": 16,
                            "precision": [
                                8,
                                8,
                                16
                            ],
                            "cost": 0.5,
                            "area": 0.1
                        },
                        "dimensions": [
                            {
                                "id": 0,
                                "name": "D1",
                                "size": 14
                            },
                            {
                                "id": 1,
                                "name": "D2",
                                "size": 12
                            }
                        ]
                    },
                    "memory_hierarchy": {
                        "memory_levels": [
                            "MemoryLevel(instance=rf_64B,operands=['I1'],served_dimensions=set())",
                            "MemoryLevel(instance=rf_64B,operands=['I2'],served_dimensions=set())",
                            "MemoryLevel(instance=rf_16B,operands=['O'],served_dimensions=set())",
                            "MemoryLevel(instance=sram_64KB,operands=['I2'],served_dimensions={Dimension(id=0,name=D1,size=14), Dimension(id=1,name=D2,size=12)})",
                            "MemoryLevel(instance=sram_8KB,operands=['O'],served_dimensions={Dimension(id=0,name=D1,size=14), Dimension(id=1,name=D2,size=12)})",
                            "MemoryLevel(instance=sram_1M,operands=['I1', 'O'],served_dimensions={Dimension(id=0,name=D1,size=14), Dimension(id=1,name=D2,size=12)})",
                            "MemoryLevel(instance=dram,operands=['I1', 'I2', 'O'],served_dimensions={Dimension(id=0,name=D1,size=14), Dimension(id=1,name=D2,size=12)})"
                        ]
                    },
                    "dataflows": null,
                    "mem_hierarchy_dict": {
                        "I1": [
                            "MemoryLevel(instance=rf_64B,operands=['I1'],served_dimensions=set())",
                            "MemoryLevel(instance=sram_1M,operands=['I1', 'O'],served_dimensions={Dimension(id=0,name=D1,size=14), Dimension(id=1,name=D2,size=12)})",
                            "MemoryLevel(instance=dram,operands=['I1', 'I2', 'O'],served_dimensions={Dimension(id=0,name=D1,size=14), Dimension(id=1,name=D2,size=12)})"
                        ],
                        "I2": [
                            "MemoryLevel(instance=rf_64B,operands=['I2'],served_dimensions=set())",
                            "MemoryLevel(instance=sram_64KB,operands=['I2'],served_dimensions={Dimension(id=0,name=D1,size=14), Dimension(id=1,name=D2,size=12)})",
                            "MemoryLevel(instance=dram,operands=['I1', 'I2', 'O'],served_dimensions={Dimension(id=0,name=D1,size=14), Dimension(id=1,name=D2,size=12)})"
                        ],