{
    "outputs": {
        "memory": {
            "utilization": {
                "O": [
                    0.125,
                    0.3223876953125,
                    0.1505126953125,
                    0.0003621888
                ],
                "W": [
                    0.140625,
                    0.0215301513671875,
                    0.0003621888
                ],
                "I": [
                    0.140625,
                    0.1505126953125,
                    0.0003621888
                ]
            },
            "word_accesses": {
                "O": [
                    "4waydatamoving (rd /\\: 6431348.0, wr V: 6431348.0, rd V: 57882132.0, wr /\\: 57882132.0)",
                    "4waydatamoving (rd /\\: 3154.0, wr V: 0, rd V: 81928.0, wr /\\: 81928.0)",
                    "4waydatamoving (rd /\\: 1046.0, wr V: 0, rd V: 0, wr /\\: 1064.0)",
                    "4waydatamoving (rd /\\: 0, wr V: 0, rd V: 0, wr /\\: 6272.0)"
                ],
                "W": [
                    "4waydatamoving (rd /\\: 0, wr V: 295317.0, rd V: 57882132.0, wr /\\: 0)",
                    "4waydatamoving (rd /\\: 0, wr V: 18601.0, rd V: 18601.0, wr /\\: 0)",
                    "4waydatamoving (rd /\\: 0, wr V: 0, rd V: 36993.0, wr /\\: 0)"
                ],
                "I": [
                    "4waydatamoving (rd /\\: 0, wr V: 57882132.0, rd V: 57882132.0, wr /\\: 0)",
                    "4waydatamoving (rd /\\: 0, wr V: 2243.0, rd V: 122892.0, wr /\\: 0)",
                    "4waydatamoving (rd /\\: 0, wr V: 0, rd V: 13456.0, wr /\\: 0)"
                ]
            }
        },
        "energy": {
            "energy_total": 529490488.5,
            "operational_energy": 28901376.0,
            "memory_energy": 500589112.5,
            "energy_breakdown_per_level": {
                "O": [
                    225097180.0,
                    2079740.0,
                    242920.0,
                    6272000.0
                ],
                "W": [
                    58325107.5,
                    837045.0,
                    36993000.0
                ],
                "I": [
                    144705330.0,
                    12580790.0,
                    13456000.0
                ]
            },
            "energy_breakdown_per_level_per_operand": {
                "O": [
                    "4waydatamoving (rd /\\: 9647022.0, wr V: 12862696.0, rd V: 86823198.0, wr /\\: 115764264.0)",
                    "4waydatamoving (rd /\\: 31540.0, wr V: 0, rd V: 819280.0, wr /\\: 1228920.0)",
                    "4waydatamoving (rd /\\: 104600.0, wr V: 0, rd V: 0, wr /\\: 138320.0)",
                    "4waydatamoving (rd /\\: 0, wr V: 0, rd V: 0, wr /\\: 6272000.0)"
                ],
                "W": [
                    "4waydatamoving (rd /\\: 0.0, wr V: 442975.5, rd V: 57882132.0, wr /\\: 0.0)",
                    "4waydatamoving (rd /\\: 0, wr V: 465025.0, rd V: 372020.0, wr /\\: 0)",
                    "4waydatamoving (rd /\\: 0, wr V: 0, rd V: 36993000.0, wr /\\: 0)"
                ],
                "I": [
                    "4waydatamoving (rd /\\: 0.0, wr V: 86823198.0, rd V: 57882132.0, wr /\\: 0.0)",
                    "4waydatamoving (rd /\\: 0, wr V: 291590.0, rd V: 12289200.0, wr /\\: 0)",
                    "4waydatamoving (rd /\\: 0, wr V: 0, rd V: 13456000.0, wr /\\: 0)"
                ]
            }
        },
        "latency": {
            "data_onloading": 13886,
            "computation": 368676,
            "data_offloading": 6691
        },
        "spatial": {
            "mac_utilization": {
                "ideal": 0.9332421964000911,
                "stalls": 0.9332421964000911,
                "stalls_onloading": 0.8993679455879047,
                "stalls_onloading_offloading": 0.8839084091837442
            }
        }
    },
    "inputs": {
        "accelerator": {
            "name": "Eyeriss-like-simple",
            "cores": [
                {
                    "id": 1,
                    "operational_array": {
                        "operational_unit": {
                            "input_precision": [
                                8,
                                8
                            ],
                            "output_precision": 16,
                            "precision": [
                                8,
                                8,
                                16
                            ],
                            "cost": 0.5,
                            "area": 0.1
                        },
                        "dimensions": [
                            {
                                "id": 0,
                                "name": "D1",
                                "size": 14
                            },
                            {
                                "id": 1,
                                "name": "D2",
                                "size": 12
                            }
                        ]
                    },
                    "memory_hierarchy": {
                        "memory_levels": [
                            "MemoryLevel(instance=rf_64B,operands=['I1'],served_dimensions=set())",
                            "MemoryLevel(instance=rf_64B,operands=['I2'],served_dimensions=set())",
                            "MemoryLevel(instance=rf_16B,operands=['O'],served_dimensions=set())",
                            "MemoryLevel(instance=sram_64KB,operands=['I2'],served_dimensions={Dimension(id=0,name=D1,size=14), Dimension(id=1,name=D2,size=12)})",
                            "MemoryLevel(instance=sram_8KB,operands=['O'],served_dimensions={Dimension(id=0,name=D1,size=14), Dimension(id=1,name=D2,size=12)})",
                            "MemoryLevel(instance=sram_1M,operands=['I1', 'O'],served_dimensions={Dimension(id=0,name=D1,size=14), Dimension(id=1,name=D2,size=12)})",
                            "MemoryLevel(instance=dram,operands=['I1', 'I2', 'O'],served_dimensions={Dimension(id=0,name=D1,size=14), Dimension(id=1,name=D2,size=12)})"
                        ]
                    },
                    "dataflows": null,
                    "mem_hierarchy_dict": {
                        "I1": [
                            "MemoryLevel(instance=rf_64B,operands=['I1'],served_dimensions=set())",
                            "MemoryLevel(instance=sram_1M,operands=['I1', 'O'],served_dimensions={Dimension(id=0,name=D1,size=14), Dimension(id=1,name=D2,size=12)})",
                            "MemoryLevel(instance=dram,operands=['I1', 'I2', 'O'],served_dimensions={Dimension(id=0,name=D1,size=14), Dimension(id=1,name=D2,size=12)})"
                        ],
                        "I2": [
                            "MemoryLevel(instance=rf_64B,operands=['I2'],served_dimensions=set())",
                            "MemoryLevel(instance=sram_64KB,operands=['I2'],served_dimensions={Dimension(id=0,name=D1,size=14), Dimension(id=1,name=D2,size=12)})",
                            "MemoryLevel(instance=dram,operands=['I1', 'I2', 'O'],served_dimensions={Dimension(id=0,name=D1,size=14), Dimension(id=1,name=D2,size=12)})"
                        ],
                        "O": [
                            "MemoryLevel(instance=rf_16B,operands=['O'],served_dimensions=set())",
                            "MemoryLevel(instance=sram_8KB,operands=['O'],served_dimensions={Dimension(id=0,name=D1,size=14), Dimension(id=1,name=D2,size=12)})",
                            "MemoryLevel(instance=sram_1M,operands=['I1', 'O'],served_dimensions={Dimension(id=0,name=D1,size=14), Dimension(id=1,name=D2,size=12)})",
                            "MemoryLevel(instance=dram,operands=['I1', 'I2', 'O'],served_dimensions={Dimension(id=0,name=D1,size=14), Dimension(id=1,name=D2,size=12)})"
                        ]
                    },