{
    "outputs": {
        "memory": {
            "utilization": {
                "O": [
                    0.125,
                    0.003173828125,
                    0.396728515625,
                    0.0003622912
                ],
                "W": [
                    0.46875,
                    0.5625,
                    0.0003622912
                ],
                "I": [
                    0.09375,
                    0.396728515625,
                    0.0003622912
                ]
            },
            "word_accesses": {
                "O": [
                    "4waydatamoving (rd /\\: 19333440.0, wr V: 19333440.0, rd V: 116000640.0, wr /\\: 116000640.0)",
                    "4waydatamoving (rd /\\: 282240.0, wr V: 282240.0, rd V: 282240.0, wr /\\: 282240.0)",
                    "4waydatamoving (rd /\\: 4182.0, wr V: 0, rd V: 141120.0, wr /\\: 141120.0)",
                    "4waydatamoving (rd /\\: 0, wr V: 0, rd V: 0, wr /\\: 25088.0)"
                ],
                "W": [
                    "4waydatamoving (rd /\\: 0, wr V: 36990.0, rd V: 116000640.0, wr /\\: 0)",
                    "4waydatamoving (rd /\\: 0, wr V: 2304.0, rd V: 2313.0, wr /\\: 0)",
                    "4waydatamoving (rd /\\: 0, wr V: 0, rd V: 4608.0, wr /\\: 0)"
                ],
                "I": [
                    "4waydatamoving (rd /\\: 0, wr V: 116000640.0, rd V: 116000640.0, wr /\\: 0)",
                    "4waydatamoving (rd /\\: 0, wr V: 4486.0, rd V: 282240.0, wr /\\: 0)",
                    "4waydatamoving (rd /\\: 0, wr V: 0, rd V: 26912.0, wr /\\: 0)"
                ]
            }
        },
        "energy": {
            "energy_total": 1070036597.0,
            "operational_energy": 57802752.0,
            "memory_energy": 1012233845.0,
            "energy_breakdown_per_level": {
                "O": [
                    473669280.0,
                    14112000.0,
                    32875800.0,
                    25088000.0
                ],
                "W": [
                    116056125.0,
                    103860.0,
                    4608000.0
                ],
                "I": [
                    290001600.0,
                    28807180.0,
                    26912000.0
                ]
            },
            "energy_breakdown_per_level_per_operand": {
                "O": [
                    "4waydatamoving (rd /\\: 29000160.0, wr V: 38666880.0, rd V: 174000960.0, wr /\\: 232001280.0)",
                    "4waydatamoving (rd /\\: 2822400.0, wr V: 4233600.0, rd V: 2822400.0, wr /\\: 4233600.0)",
                    "4waydatamoving (rd /\\: 418200.0, wr V: 0, rd V: 14112000.0, wr /\\: 18345600.0)",
                    "4waydatamoving (rd /\\: 0, wr V: 0, rd V: 0, wr /\\: 25088000.0)"
                ],
                "W": [
                    "4waydatamoving (rd /\\: 0.0, wr V: 55485.0, rd V: 116000640.0, wr /\\: 0.0)",
                    "4waydatamoving (rd /\\: 0, wr V: 57600.0, rd V: 46260.0, wr /\\: 0)",
                    "4waydatamoving (rd /\\: 0, wr V: 0, rd V: 4608000.0, wr /\\: 0)"
                ],
                "I": [
                    "4waydatamoving (rd /\\: 0.0, wr V: 174000960.0, rd V: 116000640.0, wr /\\: 0.0)",
                    "4waydatamoving (rd /\\: 0, wr V: 583180.0, rd V: 28224000.0, wr /\\: 0)",
                    "4waydatamoving (rd /\\: 0, wr V: 0, rd V: 26912000.0, wr /\\: 0)"
                ]
            }
        },
        "latency": {
            "data_onloading": 27759,
            "computation": 846720,
            "data_offloading": 25484
        },
        "spatial": {
            "mac_utilization": {
                "ideal": 0.8126984126984127,
                "stalls": 0.8126984126984127,
                "stalls_onloading": 0.7869005430662143,
                "stalls_onloading_offloading": 0.7646181009663731
            }
        }
    },
    "inputs": {
        "accelerator": {
            "name": "Eyeriss-like-simple",
            "cores": [
                {
                    "id": 1,
                    "operational_array": {
                        "operational_unit": {
                            "input_precision": [
                                8,
                                8
                            ],
                            "output_precision": 16,
                            "precision": [
                                8,
                                8,
                                16
                            ],
                            "cost": 0.5,
                            "area": 0.1
                        },
                        "dimensions": [
                            {
                                "id": 0,
                                "name": "D1",
                                "size": 14
                            },
                            {
                                "id": 1,
                                "name": "D2",
                                "size": 12
                            }
                        ]
                    },
                    "memory_hierarchy": {
                        "memory_levels": [
                            "MemoryLevel(instance=rf_64B,operands=['I1'],served_dimensions=set())",
                            "MemoryLevel(instance=rf_64B,operands=['I2'],served_dimensions=set())",
                            "MemoryLevel(instance=rf_16B,operands=['O'],served_dimensions=set())",
                            "MemoryLevel(instance=sram_64KB,operands=['I2'],served_dimensions={Dimension(id=0,name=D1,size=14), Dimension(id=1,name=D2,size=12)})",
                            "MemoryLevel(instance=sram_8KB,operands=['O'],served_dimensions={Dimension(id=0,name=D1,size=14), Dimension(id=1,name=D2,size=12)})",
                            "MemoryLevel(instance=sram_1M,operands=['I1', 'O'],served_dimensions={Dimension(id=0,name=D1,size=14), Dimension(id=1,name=D2,size=12)})",
                            "MemoryLevel(instance=dram,operands=['I1', 'I2', 'O'],served_dimensions={Dimension(id=0,name=D1,size=14), Dimension(id=1,name=D2,size=12)})"
                        ]
                    },
                    "dataflows": null,
                    "mem_hierarchy_dict": {
                        "I1": [
                            "MemoryLevel(instance=rf_64B,operands=['I1'],served_dimensions=set())",
                            "MemoryLevel(instance=sram_1M,operands=['I1', 'O'],served_dimensions={Dimension(id=0,name=D1,size=14), Dimension(id=1,name=D2,size=12)})",
                            "MemoryLevel(instance=dram,operands=['I1', 'I2', 'O'],served_dimensions={Dimension(id=0,name=D1,size=14), Dimension(id=1,name=D2,size=12)})"
                        ],
                        "I2": [
                            "MemoryLevel(instance=rf_64B,operands=['I2'],served_dimensions=set())",
                            "MemoryLevel(instance=sram_64KB,operands=['I2'],served_dimensions={Dimension(id=0,name=D1,size=14), Dimension(id=1,name=D2,size=12)})",
                            "MemoryLevel(instance=dram,operands=['I1', 'I2', 'O'],served_dimensions={Dimension(id=0,name=D1,size=14), Dimension(id=1,name=D2,size=12)})"
                        ],
                        "O": [
                            "MemoryLevel(instance=rf_16B,operands=['O'],served_dimensions=set())",
                            "MemoryLevel(instance=sram_8KB,operands=['O'],served_dimensions={Dimension(id=0,name=D1,size=14), Dimension(id=1,name=D2,size=12)})",
                            "MemoryLevel(instance=sram_1M,operands=['I1', 'O'],served_dimensions={Dimension(id=0,name=D1,size=14), Dimension(id=1,name=D2,size=12)})",
                            "MemoryLevel(instance=dram,operands=['I1', 'I2', 'O'],served_dimensions={Dimension(id=0,name=D1,size=14), Dimension(id=1,name=D2,size=12)})"
                        ]
                    },