{
    "outputs": {
        "memory": {
            "utilization": {
                "O": [
                    0.4375,
                    0.082763671875,
                    0.0478515625,
                    6.02112e-05
                ],
                "X": [
                    0.765625,
                    0.3828125,
                    6.02112e-05
                ],
                "Y": [
                    0.765625,
                    0.0478515625,
                    6.02112e-05
                ]
            },
            "word_accesses": {
                "O": [
                    "4waydatamoving (rd /\\: 10878.0, wr V: 0, rd V: 0, wr /\\: 25382.0)",
                    "4waydatamoving (rd /\\: 1591.0, wr V: 0, rd V: 0, wr /\\: 1813.0)",
                    "4waydatamoving (rd /\\: 523.0, wr V: 0, rd V: 0, wr /\\: 555.0)",
                    "4waydatamoving (rd /\\: 0, wr V: 0, rd V: 0, wr /\\: 3136.0)"
                ],
                "X": [
                    "4waydatamoving (rd /\\: 0, wr V: 25382.0, rd V: 25382.0, wr /\\: 0)",
                    "4waydatamoving (rd /\\: 0, wr V: 1568.0, rd V: 1591.0, wr /\\: 0)",
                    "4waydatamoving (rd /\\: 0, wr V: 0, rd V: 3136.0, wr /\\: 0)"
                ],
                "Y": [
                    "4waydatamoving (rd /\\: 0, wr V: 25382.0, rd V: 25382.0, wr /\\: 0)",
                    "4waydatamoving (rd /\\: 0, wr V: 523.0, rd V: 555.0, wr /\\: 0)",
                    "4waydatamoving (rd /\\: 0, wr V: 0, rd V: 3136.0, wr /\\: 0)"
                ]
            }
        },
        "energy": {
            "energy_total": 9976600.0,
            "operational_energy": 12544.0,
            "memory_energy": 9964056.0,
            "energy_breakdown_per_level": {
                "O": [
                    67081.0,
                    43105.0,
                    124450.0,
                    3136000.0
                ],
                "X": [
                    63455.0,
                    71020.0,
                    3136000.0
                ],
                "Y": [
                    63455.0,
                    123490.0,
                    3136000.0
                ]
            },
            "energy_breakdown_per_level_per_operand": {
                "O": [
                    "4waydatamoving (rd /\\: 16317.0, wr V: 0, rd V: 0.0, wr /\\: 50764.0)",
                    "4waydatamoving (rd /\\: 15910.0, wr V: 0, rd V: 0, wr /\\: 27195.0)",
                    "4waydatamoving (rd /\\: 52300.0, wr V: 0, rd V: 0, wr /\\: 72150.0)",
                    "4waydatamoving (rd /\\: 0, wr V: 0, rd V: 0, wr /\\: 3136000.0)"
                ],
                "X": [
                    "4waydatamoving (rd /\\: 0.0, wr V: 38073.0, rd V: 25382.0, wr /\\: 0.0)",
                    "4waydatamoving (rd /\\: 0, wr V: 39200.0, rd V: 31820.0, wr /\\: 0)",
                    "4waydatamoving (rd /\\: 0, wr V: 0, rd V: 3136000.0, wr /\\: 0)"
                ],
                "Y": [
                    "4waydatamoving (rd /\\: 0.0, wr V: 38073.0, rd V: 25382.0, wr /\\: 0.0)",
                    "4waydatamoving (rd /\\: 0, wr V: 67990.0, rd V: 55500.0, wr /\\: 0)",
                    "4waydatamoving (rd /\\: 0, wr V: 0, rd V: 3136000.0, wr /\\: 0)"
                ]
            }
        },
        "latency": {
            "data_onloading": 3222,
            "computation": 1813,
            "data_offloading": 3223
        },
        "spatial": {
            "mac_utilization": {
                "ideal": 0.0827357970215113,
                "stalls": 0.0827357970215113,
                "stalls_onloading": 0.029791459781529295,
                "stalls_onloading_offloading": 0.018164204407846937
            }
        }
    },
    "inputs": {
        "accelerator": {
            "name": "Eyeriss-like-simple",
            "cores": [
                {
                    "id": 1,
                    "operational_array": {
                        "operational_unit": {
                            "input_precision": [
                                8,
                                8
                            ],
                            "output_precision": 16,
                            "precision": [
                                8,
                                8,
                                16
                            ],
                            "cost": 0.5,
                            "area": 0.1
                        },
                        "dimensions": [
                            {
                                "id": 0,
                                "name": "D1",
                                "size": 14
                            },
                            {
                                "id": 1,
                                "name": "D2",
                                "size": 12
                            }
                        ]
                    },
                    "memory_hierarchy": {
                        "memory_levels": [
                            "MemoryLevel(instance=rf_64B,operands=['I1'],served_dimensions=set())",
                            "MemoryLevel(instance=rf_64B,operands=['I2'],served_dimensions=set())",
                            "MemoryLevel(instance=rf_16B,operands=['O'],served_dimensions=set())",
                            "MemoryLevel(instance=sram_64KB,operands=['I2'],served_dimensions={Dimension(id=0,name=D1,size=14), Dimension(id=1,name=D2,size=12)})",
                            "MemoryLevel(instance=sram_8KB,operands=['O'],served_dimensions={Dimension(id=0,name=D1,size=14), Dimension(id=1,name=D2,size=12)})",
                            "MemoryLevel(instance=sram_1M,operands=['I1', 'O'],served_dimensions={Dimension(id=0,name=D1,size=14), Dimension(id=1,name=D2,size=12)})",
                            "MemoryLevel(instance=dram,operands=['I1', 'I2', 'O'],served_dimensions={Dimension(id=0,name=D1,size=14), Dimension(id=1,name=D2,size=12)})"
                        ]
                    },
                    "dataflows": null,
                    "mem_hierarchy_dict": {
                        "I1": [
                            "MemoryLevel(instance=rf_64B,operands=['I1'],served_dimensions=set())",
                            "MemoryLevel(instance=sram_1M,operands=['I1', 'O'],served_dimensions={Dimension(id=0,name=D1,size=14), Dimension(id=1,name=D2,size=12)})",
                            "MemoryLevel(instance=dram,operands=['I1', 'I2', 'O'],served_dimensions={Dimension(id=0,name=D1,size=14), Dimension(id=1,name=D2,size=12)})"
                        ],
                        "I2": [
                            "MemoryLevel(instance=rf_64B,operands=['I2'],served_dimensions=set())",
                            "MemoryLevel(instance=sram_64KB,operands=['I2'],served_dimensions={Dimension(id=0,name=D1,size=14), Dimension(id=1,name=D2,size=12)})",
                            "MemoryLevel(instance=dram,operands=['I1', 'I2', 'O'],served_dimensions={Dimension(id=0,name=D1,size=14), Dimension(id=1,name=D2,size=12)})"
                        ],
                        "O": [
                            "MemoryLevel(instance=rf_16B,operands=['O'],served_dimensions=set())",
                            "MemoryLevel(instance=sram_8KB,operands=['O'],served_dimensions={Dimension(id=0,name=D1,size=14), Dimension(id=1,name=D2,size=12)})",
                            "MemoryLevel(instance=sram_1M,operands=['I1', 'O'],served_dimensions={Dimension(id=0,name=D1,size=14), Dimension(id=1,name=D2,size=12)})",
                            "MemoryLevel(instance=dram,operands=['I1', 'I2', 'O'],served_dimensions={Dimension(id=0,name=D1,size=14), Dimension(id=1,name=D2,size=12)})"
                        ]
                    },