{
    "outputs": {
        "memory": {
            "utilization": {
                "O": [
                    0.5,
                    0.000720977783203125,
                    0.0004108096
                ],
                "W": [
                    0.5,
                    0.0004108096
                ],
                "I": [
                    0.000720977783203125,
                    0.0004108096
                ]
            },
            "word_accesses": {
                "O": [
                    "4waydatamoving (rd /\\: 992.0, wr V: 0, rd V: 15872.0, wr /\\: 15872.0)",
                    "4waydatamoving (rd /\\: 3.90625, wr V: 0, rd V: 0, wr /\\: 4.0)",
                    "4waydatamoving (rd /\\: 0, wr V: 0, rd V: 0, wr /\\: 125.0)"
                ],
                "W": [
                    "4waydatamoving (rd /\\: 0, wr V: 512000.0, rd V: 512000.0, wr /\\: 0)",
                    "4waydatamoving (rd /\\: 0, wr V: 0, rd V: 64000.0, wr /\\: 0)"
                ],
                "I": [
                    "4waydatamoving (rd /\\: 0, wr V: 2.0, rd V: 64.0, wr /\\: 0)",
                    "4waydatamoving (rd /\\: 0, wr V: 0, rd V: 64.0, wr /\\: 0)"
                ]
            }
        },
        "energy": {
            "energy_total": 45087527.721,
            "operational_energy": 20480.0,
            "memory_energy": 45067047.721,
            "energy_breakdown_per_level": {
                "O": [
                    687.456,
                    3139.225,
                    93750.0
                ],
                "W": [
                    97280.0,
                    44800000.0
                ],
                "I": [
                    27391.04,
                    44800.0
                ]
            },
            "energy_breakdown_per_level_per_operand": {
                "O": [
                    "4waydatamoving (rd /\\: 20.832, wr V: 0.0, rd V: 333.312, wr /\\: 333.312)",
                    "4waydatamoving (rd /\\: 1625.625, wr V: 0.0, rd V: 0.0, wr /\\: 1513.6)",
                    "4waydatamoving (rd /\\: 0, wr V: 0, rd V: 0, wr /\\: 93750.0)"
                ],
                "W": [
                    "4waydatamoving (rd /\\: 0.0, wr V: 48640.0, rd V: 48640.0, wr /\\: 0.0)",
                    "4waydatamoving (rd /\\: 0, wr V: 0, rd V: 44800000.0, wr /\\: 0)"
                ],
                "I": [
                    "4waydatamoving (rd /\\: 0.0, wr V: 756.8, rd V: 26634.24, wr /\\: 0.0)",
                    "4waydatamoving (rd /\\: 0, wr V: 0, rd V: 44800.0, wr /\\: 0)"
                ]
            }
        },
        "latency": {
            "data_onloading": 8192,
            "computation": 57408,
            "data_offloading": 129
        },
        "spatial": {
            "mac_utilization": {
                "ideal": 0.9765625,
                "stalls": 0.00870958751393534,
                "stalls_onloading": 0.007621951219512195,
                "stalls_onloading_offloading": 0.007606992347365699
            }
        }
    },
    "inputs": {
        "accelerator": {
            "name": "TPU_like",
            "cores": [
                {
                    "id": 1,
                    "operational_array": {
                        "operational_unit": {
                            "input_precision": [
                                8,
                                8
                            ],
                            "output_precision": 16,
                            "precision": [
                                8,
                                8,
                                16
                            ],
                            "cost": 0.04,
                            "area": 1
                        },
                        "dimensions": [
                            {
                                "id": 0,
                                "name": "D1",
                                "size": 32
                            },
                            {
                                "id": 1,
                                "name": "D2",
                                "size": 32
                            }
                        ]
                    },
                    "memory_hierarchy": {
                        "memory_levels": [
                            "MemoryLevel(instance=rf_128B,operands=['I2'],served_dimensions=set())",
                            "MemoryLevel(instance=rf_2B,operands=['O'],served_dimensions={Dimension(id=1,name=D2,size=32)})",
                            "MemoryLevel(instance=sram_2MB,operands=['I1', 'O'],served_dimensions={Dimension(id=0,name=D1,size=32), Dimension(id=1,name=D2,size=32)})",
                            "MemoryLevel(instance=dram,operands=['I1', 'I2', 'O'],served_dimensions={Dimension(id=0,name=D1,size=32), Dimension(id=1,name=D2,size=32)})"
                        ]
                    },
                    "dataflows": null,
                    "mem_hierarchy_dict": {
                        "I2": [
                            "MemoryLevel(instance=rf_128B,operands=['I2'],served_dimensions=set())",
                            "MemoryLevel(instance=dram,operands=['I1', 'I2', 'O'],served_dimensions={Dimension(id=0,name=D1,size=32), Dimension(id=1,name=D2,size=32)})"
                        ],
                        "O": [
                            "MemoryLevel(instance=rf_2B,operands=['O'],served_dimensions={Dimension(id=1,name=D2,size=32)})",
                            "MemoryLevel(instance=sram_2MB,operands=['I1', 'O'],served_dimensions={Dimension(id=0,name=D1,size=32), Dimension(id=1,name=D2,size=32)})",
                            "MemoryLevel(instance=dram,operands=['I1', 'I2', 'O'],served_dimensions={Dimension(id=0,name=D1,size=32), Dimension(id=1,name=D2,size=32)})"
                        ],
                        "I1": [
                            "MemoryLevel(instance=sram_2MB,operands=['I1', 'O'],served_dimensions={Dimension(id=0,name=D1,size=32), Dimension(id=1,name=D2,size=32)})",
                            "MemoryLevel(instance=dram,operands=['I1', 'I2', 'O'],served_dimensions={Dimension(id=0,name=D1,size=32), Dimension(id=1,name=D2,size=32)})"
                        ]
                    },
                    "mem_size_dict": {
                        "I2": [
                            1024,
                            10000000000
                        ],
                        "O": [
                            16,
                            16777216,
                            10000000000
                        ],
                        "I1": [
                            16777216,
                            10000000000
                        ]
                    },
                    "mem_r_bw_dict": {
                        "I2": [
                            8,
                            64
                        ],
                        "O": [
                            16,
                            2048,
                            64
                        ],
                        "I1": [
                            2048,
                            64
                        ]
                    },
                    "mem_w_bw_dict": {
                        "I2": [
                            8,
                            64
                        ],
                        "O": [
                            16,
                            2048,
                            64
                        ],
                        "I1": [
                            2048,
                            64
                        ]
                    },
                    "mem_r_bw_min_dict": {
                        "I2": [
                            8,
                            64
                        ],