{
    "outputs": {
        "memory": {
            "utilization": {
                "O": [
                    0.5,
                    0.102783203125,
                    0.0002904064
                ],
                "W": [
                    0.28125,
                    0.0002904064
                ],
                "I": [
                    0.102783203125,
                    0.0002904064
                ]
            },
            "word_accesses": {
                "O": [
                    "4waydatamoving (rd /\\: 100352.0, wr V: 0, rd V: 3612672.0, wr /\\: 3612672.0)",
                    "4waydatamoving (rd /\\: 392.0, wr V: 0, rd V: 0, wr /\\: 392.0)",
                    "4waydatamoving (rd /\\: 0, wr V: 0, rd V: 0, wr /\\: 12544.0)"
                ],
                "W": [
                    "4waydatamoving (rd /\\: 0, wr V: 147456.0, rd V: 115605504.0, wr /\\: 0)",
                    "4waydatamoving (rd /\\: 0, wr V: 0, rd V: 18432.0, wr /\\: 0)"
                ],
                "I": [
                    "4waydatamoving (rd /\\: 0, wr V: 450.0, rd V: 14112.0, wr /\\: 0)",
                    "4waydatamoving (rd /\\: 0, wr V: 0, rd V: 14400.0, wr /\\: 0)"
                ]
            }
        },
        "energy": {
            "energy_total": 54519588.41600001,
            "operational_energy": 4624220.16,
            "memory_energy": 49895368.256000005,
            "energy_breakdown_per_level": {
                "O": [
                    153839.61600000004,
                    311467.52,
                    9408000.0
                ],
                "W": [
                    10996531.200000001,
                    12902400.0
                ],
                "I": [
                    6043129.92,
                    10080000.0
                ]
            },
            "energy_breakdown_per_level_per_operand": {
                "O": [
                    "4waydatamoving (rd /\\: 2107.3920000000003, wr V: 0.0, rd V: 75866.11200000001, wr /\\: 75866.11200000001)",
                    "4waydatamoving (rd /\\: 163134.72, wr V: 0.0, rd V: 0.0, wr /\\: 148332.8)",
                    "4waydatamoving (rd /\\: 0, wr V: 0, rd V: 0, wr /\\: 9408000.0)"
                ],
                "W": [
                    "4waydatamoving (rd /\\: 0.0, wr V: 14008.32, rd V: 10982522.88, wr /\\: 0.0)",
                    "4waydatamoving (rd /\\: 0, wr V: 0, rd V: 12902400.0, wr /\\: 0)"
                ],
                "I": [
                    "4waydatamoving (rd /\\: 0.0, wr V: 170280.0, rd V: 5872849.92, wr /\\: 0.0)",
                    "4waydatamoving (rd /\\: 0, wr V: 0, rd V: 10080000.0, wr /\\: 0)"
                ]
            }
        },
        "latency": {
            "data_onloading": 14400,
            "computation": 112896,
            "data_offloading": 12545
        },
        "spatial": {
            "mac_utilization": {
                "ideal": 1.0,
                "stalls": 1.0,
                "stalls_onloading": 0.8868778280542986,
                "stalls_onloading_offloading": 0.807316881315208
            }
        }
    },
    "inputs": {
        "accelerator": {
            "name": "TPU_like",
            "cores": [
                {
                    "id": 1,
                    "operational_array": {
                        "operational_unit": {
                            "input_precision": [
                                8,
                                8
                            ],
                            "output_precision": 16,
                            "precision": [
                                8,
                                8,
                                16
                            ],
                            "cost": 0.04,
                            "area": 1
                        },
                        "dimensions": [
                            {
                                "id": 0,
                                "name": "D1",
                                "size": 32
                            },
                            {
                                "id": 1,
                                "name": "D2",
                                "size": 32
                            }
                        ]
                    },
                    "memory_hierarchy": {
                        "memory_levels": [
                            "MemoryLevel(instance=rf_128B,operands=['I2'],served_dimensions=set())",
                            "MemoryLevel(instance=rf_2B,operands=['O'],served_dimensions={Dimension(id=1,name=D2,size=32)})",
                            "MemoryLevel(instance=sram_2MB,operands=['I1', 'O'],served_dimensions={Dimension(id=0,name=D1,size=32), Dimension(id=1,name=D2,size=32)})",
                            "MemoryLevel(instance=dram,operands=['I1', 'I2', 'O'],served_dimensions={Dimension(id=0,name=D1,size=32), Dimension(id=1,name=D2,size=32)})"
                        ]
                    },
                    "dataflows": null,
                    "mem_hierarchy_dict": {
                        "I2": [
                            "MemoryLevel(instance=rf_128B,operands=['I2'],served_dimensions=set())",
                            "MemoryLevel(instance=dram,operands=['I1', 'I2', 'O'],served_dimensions={Dimension(id=0,name=D1,size=32), Dimension(id=1,name=D2,size=32)})"
                        ],
                        "O": [
                            "MemoryLevel(instance=rf_2B,operands=['O'],served_dimensions={Dimension(id=1,name=D2,size=32)})",
                            "MemoryLevel(instance=sram_2MB,operands=['I1', 'O'],served_dimensions={Dimension(id=0,name=D1,size=32), Dimension(id=1,name=D2,size=32)})",
                            "MemoryLevel(instance=dram,operands=['I1', 'I2', 'O'],served_dimensions={Dimension(id=0,name=D1,size=32), Dimension(id=1,name=D2,size=32)})"
                        ],
                        "I1": [
                            "MemoryLevel(instance=sram_2MB,operands=['I1', 'O'],served_dimensions={Dimension(id=0,name=D1,size=32), Dimension(id=1,name=D2,size=32)})",
                            "MemoryLevel(instance=dram,operands=['I1', 'I2', 'O'],served_dimensions={Dimension(id=0,name=D1,size=32), Dimension(id=1,name=D2,size=32)})"
                        ]
                    },
                    "mem_size_dict": {
                        "I2": [
                            1024,
                            10000000000
                        ],
                        "O": [
                            16,
                            16777216,
                            10000000000
                        ],
                        "I1": [
                            16777216,
                            10000000000
                        ]
                    },
                    "mem_r_bw_dict": {
                        "I2": [
                            8,
                            64
                        ],
                        "O": [
                            16,
                            2048,
                            64
                        ],
                        "I1": [
                            2048,
                            64
                        ]
                    },
                    "mem_w_bw_dict": {
                        "I2": [
                            8,
                            64
                        ],
                        "O": [
                            16,
                            2048,
                            64
                        ],
                        "I1": [
                            2048,
                            64
                        ]
                    },
                    "mem_r_bw_min_dict": {
                        "I2": [
                            8,
                            64
                        ],