{
    "outputs": {
        "memory": {
            "utilization": {
                "O": [
                    1.0,
                    0.03173828125,
                    0.0019406847999999999
                ],
                "W": [
                    0.375,
                    0.0019406847999999999
                ],
                "I": [
                    0.03173828125,
                    0.0019406847999999999
                ]
            },
            "word_accesses": {
                "O": [
                    "4waydatamoving (rd /\\: 75264.0, wr V: 75264.0, rd V: 3612672.0, wr /\\: 3612672.0)",
                    "4waydatamoving (rd /\\: 98.0, wr V: 0, rd V: 588.0, wr /\\: 588.0)",
                    "4waydatamoving (rd /\\: 0, wr V: 0, rd V: 0, wr /\\: 3136.0)"
                ],
                "W": [
                    "4waydatamoving (rd /\\: 0, wr V: 2359296.0, rd V: 115605504.0, wr /\\: 0)",
                    "4waydatamoving (rd /\\: 0, wr V: 0, rd V: 294912.0, wr /\\: 0)"
                ],
                "I": [
                    "4waydatamoving (rd /\\: 0, wr V: 162.0, rd V: 14112.0, wr /\\: 0)",
                    "4waydatamoving (rd /\\: 0, wr V: 0, rd V: 5184.0, wr /\\: 0)"
                ]
            }
        },
        "energy": {
            "energy_total": 234847105.152,
            "operational_energy": 4624220.16,
            "memory_energy": 230222884.992,
            "energy_breakdown_per_level": {
                "O": [
                    154893.312,
                    507984.95999999996,
                    2352000.0
                ],
                "W": [
                    11206656.0,
                    206438400.0
                ],
                "I": [
                    5934150.72,
                    3628800.0
                ]
            },
            "energy_breakdown_per_level_per_operand": {
                "O": [
                    "4waydatamoving (rd /\\: 1580.544, wr V: 1580.544, rd V: 75866.11200000001, wr /\\: 75866.11200000001)",
                    "4waydatamoving (rd /\\: 40783.68, wr V: 0.0, rd V: 244702.08000000002, wr /\\: 222499.19999999998)",
                    "4waydatamoving (rd /\\: 0, wr V: 0, rd V: 0, wr /\\: 2352000.0)"
                ],
                "W": [
                    "4waydatamoving (rd /\\: 0.0, wr V: 224133.12, rd V: 10982522.88, wr /\\: 0.0)",
                    "4waydatamoving (rd /\\: 0, wr V: 0, rd V: 206438400.0, wr /\\: 0)"
                ],
                "I": [
                    "4waydatamoving (rd /\\: 0.0, wr V: 61300.799999999996, rd V: 5872849.92, wr /\\: 0.0)",
                    "4waydatamoving (rd /\\: 0, wr V: 0, rd V: 3628800.0, wr /\\: 0)"
                ]
            }
        },
        "latency": {
            "data_onloading": 6144,
            "computation": 291120,
            "data_offloading": 3137
        },
        "spatial": {
            "mac_utilization": {
                "ideal": 1.0,
                "stalls": 0.3877988458367683,
                "stalls_onloading": 0.37978362667527854,
                "stalls_onloading_offloading": 0.3758176570650564
            }
        }
    },
    "inputs": {
        "accelerator": {
            "name": "TPU_like",
            "cores": [
                {
                    "id": 1,
                    "operational_array": {
                        "operational_unit": {
                            "input_precision": [
                                8,
                                8
                            ],
                            "output_precision": 16,
                            "precision": [
                                8,
                                8,
                                16
                            ],
                            "cost": 0.04,
                            "area": 1
                        },
                        "dimensions": [
                            {
                                "id": 0,
                                "name": "D1",
                                "size": 32
                            },
                            {
                                "id": 1,
                                "name": "D2",
                                "size": 32
                            }
                        ]
                    },
                    "memory_hierarchy": {
                        "memory_levels": [
                            "MemoryLevel(instance=rf_128B,operands=['I2'],served_dimensions=set())",
                            "MemoryLevel(instance=rf_2B,operands=['O'],served_dimensions={Dimension(id=1,name=D2,size=32)})",
                            "MemoryLevel(instance=sram_2MB,operands=['I1', 'O'],served_dimensions={Dimension(id=0,name=D1,size=32), Dimension(id=1,name=D2,size=32)})",
                            "MemoryLevel(instance=dram,operands=['I1', 'I2', 'O'],served_dimensions={Dimension(id=0,name=D1,size=32), Dimension(id=1,name=D2,size=32)})"
                        ]
                    },
                    "dataflows": null,
                    "mem_hierarchy_dict": {
                        "I2": [
                            "MemoryLevel(instance=rf_128B,operands=['I2'],served_dimensions=set())",
                            "MemoryLevel(instance=dram,operands=['I1', 'I2', 'O'],served_dimensions={Dimension(id=0,name=D1,size=32), Dimension(id=1,name=D2,size=32)})"
                        ],
                        "O": [
                            "MemoryLevel(instance=rf_2B,operands=['O'],served_dimensions={Dimension(id=1,name=D2,size=32)})",
                            "MemoryLevel(instance=sram_2MB,operands=['I1', 'O'],served_dimensions={Dimension(id=0,name=D1,size=32), Dimension(id=1,name=D2,size=32)})",
                            "MemoryLevel(instance=dram,operands=['I1', 'I2', 'O'],served_dimensions={Dimension(id=0,name=D1,size=32), Dimension(id=1,name=D2,size=32)})"
                        ],
                        "I1": [
                            "MemoryLevel(instance=sram_2MB,operands=['I1', 'O'],served_dimensions={Dimension(id=0,name=D1,size=32), Dimension(id=1,name=D2,size=32)})",
                            "MemoryLevel(instance=dram,operands=['I1', 'I2', 'O'],served_dimensions={Dimension(id=0,name=D1,size=32), Dimension(id=1,name=D2,size=32)})"
                        ]
                    },
                    "mem_size_dict": {
                        "I2": [
                            1024,
                            10000000000
                        ],
                        "O": [
                            16,
                            16777216,
                            10000000000
                        ],
                        "I1": [
                            16777216,
                            10000000000
                        ]
                    },
                    "mem_r_bw_dict": {
                        "I2": [
                            8,
                            64
                        ],
                        "O": [
                            16,
                            2048,
                            64
                        ],
                        "I1": [
                            2048,
                            64
                        ]
                    },
                    "mem_w_bw_dict": {
                        "I2": [
                            8,
                            64
                        ],
                        "O": [
                            16,
                            2048,
                            64
                        ],
                        "I1": [
                            2048,
                            64
                        ]
                    },