{
    "outputs": {
        "memory": {
            "utilization": {
                "O": [
                    1.0,
                    0.095703125,
                    0.0002408448
                ],
                "X": [
                    0.875,
                    0.0002408448
                ],
                "Y": [
                    0.095703125,
                    0.0002408448
                ]
            },
            "word_accesses": {
                "O": [
                    "4waydatamoving (rd /\\: 50176.0, wr V: 0, rd V: 0, wr /\\: 100352.0)",
                    "4waydatamoving (rd /\\: 392.0, wr V: 0, rd V: 0, wr /\\: 392.0)",
                    "4waydatamoving (rd /\\: 0, wr V: 0, rd V: 0, wr /\\: 12544.0)"
                ],
                "X": [
                    "4waydatamoving (rd /\\: 0, wr V: 100352.0, rd V: 100352.0, wr /\\: 0)",
                    "4waydatamoving (rd /\\: 0, wr V: 0, rd V: 12544.0, wr /\\: 0)"
                ],
                "Y": [
                    "4waydatamoving (rd /\\: 0, wr V: 392.0, rd V: 392.0, wr /\\: 0)",
                    "4waydatamoving (rd /\\: 0, wr V: 0, rd V: 12544.0, wr /\\: 0)"
                ]
            }
        },
        "energy": {
            "energy_total": 27618777.087999996,
            "operational_energy": 4014.08,
            "memory_energy": 27614763.007999998,
            "energy_breakdown_per_level": {
                "O": [
                    3161.0880000000006,
                    311467.52,
                    9408000.0
                ],
                "X": [
                    19066.88,
                    8780800.0
                ],
                "Y": [
                    311467.52,
                    8780800.0
                ]
            },
            "energy_breakdown_per_level_per_operand": {
                "O": [
                    "4waydatamoving (rd /\\: 1053.6960000000001, wr V: 0.0, rd V: 0.0, wr /\\: 2107.3920000000003)",
                    "4waydatamoving (rd /\\: 163134.72, wr V: 0.0, rd V: 0.0, wr /\\: 148332.8)",
                    "4waydatamoving (rd /\\: 0, wr V: 0, rd V: 0, wr /\\: 9408000.0)"
                ],
                "X": [
                    "4waydatamoving (rd /\\: 0.0, wr V: 9533.44, rd V: 9533.44, wr /\\: 0.0)",
                    "4waydatamoving (rd /\\: 0, wr V: 0, rd V: 8780800.0, wr /\\: 0)"
                ],
                "Y": [
                    "4waydatamoving (rd /\\: 0.0, wr V: 148332.8, rd V: 163134.72, wr /\\: 0.0)",
                    "4waydatamoving (rd /\\: 0, wr V: 0, rd V: 8780800.0, wr /\\: 0)"
                ]
            }
        },
        "latency": {
            "data_onloading": 12544,
            "computation": 12208,
            "data_offloading": 12545
        },
        "spatial": {
            "mac_utilization": {
                "ideal": 0.03125,
                "stalls": 0.008027522935779817,
                "stalls_onloading": 0.003959276018099547,
                "stalls_onloading_offloading": 0.0026275571761803897
            }
        }
    },
    "inputs": {
        "accelerator": {
            "name": "TPU_like",
            "cores": [
                {
                    "id": 1,
                    "operational_array": {
                        "operational_unit": {
                            "input_precision": [
                                8,
                                8
                            ],
                            "output_precision": 16,
                            "precision": [
                                8,
                                8,
                                16
                            ],
                            "cost": 0.04,
                            "area": 1
                        },
                        "dimensions": [
                            {
                                "id": 0,
                                "name": "D1",
                                "size": 32
                            },
                            {
                                "id": 1,
                                "name": "D2",
                                "size": 32
                            }
                        ]
                    },
                    "memory_hierarchy": {
                        "memory_levels": [
                            "MemoryLevel(instance=rf_128B,operands=['I2'],served_dimensions=set())",
                            "MemoryLevel(instance=rf_2B,operands=['O'],served_dimensions={Dimension(id=1,name=D2,size=32)})",
                            "MemoryLevel(instance=sram_2MB,operands=['I1', 'O'],served_dimensions={Dimension(id=0,name=D1,size=32), Dimension(id=1,name=D2,size=32)})",
                            "MemoryLevel(instance=dram,operands=['I1', 'I2', 'O'],served_dimensions={Dimension(id=0,name=D1,size=32), Dimension(id=1,name=D2,size=32)})"
                        ]
                    },
                    "dataflows": null,
                    "mem_hierarchy_dict": {
                        "I2": [
                            "MemoryLevel(instance=rf_128B,operands=['I2'],served_dimensions=set())",
                            "MemoryLevel(instance=dram,operands=['I1', 'I2', 'O'],served_dimensions={Dimension(id=0,name=D1,size=32), Dimension(id=1,name=D2,size=32)})"
                        ],
                        "O": [
                            "MemoryLevel(instance=rf_2B,operands=['O'],served_dimensions={Dimension(id=1,name=D2,size=32)})",
                            "MemoryLevel(instance=sram_2MB,operands=['I1', 'O'],served_dimensions={Dimension(id=0,name=D1,size=32), Dimension(id=1,name=D2,size=32)})",
                            "MemoryLevel(instance=dram,operands=['I1', 'I2', 'O'],served_dimensions={Dimension(id=0,name=D1,size=32), Dimension(id=1,name=D2,size=32)})"
                        ],
                        "I1": [
                            "MemoryLevel(instance=sram_2MB,operands=['I1', 'O'],served_dimensions={Dimension(id=0,name=D1,size=32), Dimension(id=1,name=D2,size=32)})",
                            "MemoryLevel(instance=dram,operands=['I1', 'I2', 'O'],served_dimensions={Dimension(id=0,name=D1,size=32), Dimension(id=1,name=D2,size=32)})"
                        ]
                    },
                    "mem_size_dict": {
                        "I2": [
                            1024,
                            10000000000
                        ],
                        "O": [
                            16,
                            16777216,
                            10000000000
                        ],
                        "I1": [
                            16777216,
                            10000000000
                        ]
                    },
                    "mem_r_bw_dict": {
                        "I2": [
                            8,
                            64
                        ],
                        "O": [
                            16,
                            2048,
                            64
                        ],
                        "I1": [
                            2048,
                            64
                        ]
                    },
                    "mem_w_bw_dict": {
                        "I2": [
                            8,
                            64
                        ],
                        "O": [
                            16,
                            2048,
                            64
                        ],
                        "I1": [
                            2048,
                            64
                        ]
                    },
                    "mem_r_bw_min_dict": {
                        "I2": [
                            8,
                            64
                        ],