{
    "outputs": {
        "memory": {
            "utilization": {
                "O": [
                    1.0,
                    0.19140625,
                    0.0004816896
                ],
                "X": [
                    1.0,
                    0.0004816896
                ],
                "Y": [
                    0.19140625,
                    0.0004816896
                ]
            },
            "word_accesses": {
                "O": [
                    "4waydatamoving (rd /\\: 100352.0, wr V: 0, rd V: 0, wr /\\: 200704.0)",
                    "4waydatamoving (rd /\\: 784.0, wr V: 0, rd V: 0, wr /\\: 784.0)",
                    "4waydatamoving (rd /\\: 0, wr V: 0, rd V: 0, wr /\\: 25088.0)"
                ],
                "X": [
                    "4waydatamoving (rd /\\: 0, wr V: 200704.0, rd V: 200704.0, wr /\\: 0)",
                    "4waydatamoving (rd /\\: 0, wr V: 0, rd V: 25088.0, wr /\\: 0)"
                ],
                "Y": [
                    "4waydatamoving (rd /\\: 0, wr V: 784.0, rd V: 784.0, wr /\\: 0)",
                    "4waydatamoving (rd /\\: 0, wr V: 0, rd V: 25088.0, wr /\\: 0)"
                ]
            }
        },
        "energy": {
            "energy_total": 55237554.17599999,
            "operational_energy": 8028.16,
            "memory_energy": 55229526.015999995,
            "energy_breakdown_per_level": {
                "O": [
                    6322.176000000001,
                    622935.04,
                    18816000.0
                ],
                "X": [
                    38133.76,
                    17561600.0
                ],
                "Y": [
                    622935.04,
                    17561600.0
                ]
            },
            "energy_breakdown_per_level_per_operand": {
                "O": [
                    "4waydatamoving (rd /\\: 2107.3920000000003, wr V: 0.0, rd V: 0.0, wr /\\: 4214.784000000001)",
                    "4waydatamoving (rd /\\: 326269.44, wr V: 0.0, rd V: 0.0, wr /\\: 296665.6)",
                    "4waydatamoving (rd /\\: 0, wr V: 0, rd V: 0, wr /\\: 18816000.0)"
                ],
                "X": [
                    "4waydatamoving (rd /\\: 0.0, wr V: 19066.88, rd V: 19066.88, wr /\\: 0.0)",
                    "4waydatamoving (rd /\\: 0, wr V: 0, rd V: 17561600.0, wr /\\: 0)"
                ],
                "Y": [
                    "4waydatamoving (rd /\\: 0.0, wr V: 296665.6, rd V: 326269.44, wr /\\: 0.0)",
                    "4waydatamoving (rd /\\: 0, wr V: 0, rd V: 17561600.0, wr /\\: 0)"
                ]
            }
        },
        "latency": {
            "data_onloading": 25088,
            "computation": 24704,
            "data_offloading": 25089
        },
        "spatial": {
            "mac_utilization": {
                "ideal": 0.03125,
                "stalls": 0.007933937823834197,
                "stalls_onloading": 0.003936375321336761,
                "stalls_onloading_offloading": 0.0026174864117733472
            }
        }
    },
    "inputs": {
        "accelerator": {
            "name": "TPU_like",
            "cores": [
                {
                    "id": 1,
                    "operational_array": {
                        "operational_unit": {
                            "input_precision": [
                                8,
                                8
                            ],
                            "output_precision": 16,
                            "precision": [
                                8,
                                8,
                                16
                            ],
                            "cost": 0.04,
                            "area": 1
                        },
                        "dimensions": [
                            {
                                "id": 0,
                                "name": "D1",
                                "size": 32
                            },
                            {
                                "id": 1,
                                "name": "D2",
                                "size": 32
                            }
                        ]
                    },
                    "memory_hierarchy": {
                        "memory_levels": [
                            "MemoryLevel(instance=rf_128B,operands=['I2'],served_dimensions=set())",
                            "MemoryLevel(instance=rf_2B,operands=['O'],served_dimensions={Dimension(id=1,name=D2,size=32)})",
                            "MemoryLevel(instance=sram_2MB,operands=['I1', 'O'],served_dimensions={Dimension(id=0,name=D1,size=32), Dimension(id=1,name=D2,size=32)})",
                            "MemoryLevel(instance=dram,operands=['I1', 'I2', 'O'],served_dimensions={Dimension(id=0,name=D1,size=32), Dimension(id=1,name=D2,size=32)})"
                        ]
                    },
                    "dataflows": null,
                    "mem_hierarchy_dict": {
                        "I2": [
                            "MemoryLevel(instance=rf_128B,operands=['I2'],served_dimensions=set())",
                            "MemoryLevel(instance=dram,operands=['I1', 'I2', 'O'],served_dimensions={Dimension(id=0,name=D1,size=32), Dimension(id=1,name=D2,size=32)})"
                        ],
                        "O": [
                            "MemoryLevel(instance=rf_2B,operands=['O'],served_dimensions={Dimension(id=1,name=D2,size=32)})",
                            "MemoryLevel(instance=sram_2MB,operands=['I1', 'O'],served_dimensions={Dimension(id=0,name=D1,size=32), Dimension(id=1,name=D2,size=32)})",
                            "MemoryLevel(instance=dram,operands=['I1', 'I2', 'O'],served_dimensions={Dimension(id=0,name=D1,size=32), Dimension(id=1,name=D2,size=32)})"
                        ],
                        "I1": [
                            "MemoryLevel(instance=sram_2MB,operands=['I1', 'O'],served_dimensions={Dimension(id=0,name=D1,size=32), Dimension(id=1,name=D2,size=32)})",
                            "MemoryLevel(instance=dram,operands=['I1', 'I2', 'O'],served_dimensions={Dimension(id=0,name=D1,size=32), Dimension(id=1,name=D2,size=32)})"
                        ]
                    },
                    "mem_size_dict": {
                        "I2": [
                            1024,
                            10000000000
                        ],
                        "O": [
                            16,
                            16777216,
                            10000000000
                        ],
                        "I1": [
                            16777216,
                            10000000000
                        ]
                    },
                    "mem_r_bw_dict": {
                        "I2": [
                            8,
                            64
                        ],
                        "O": [
                            16,
                            2048,
                            64
                        ],
                        "I1": [
                            2048,
                            64
                        ]
                    },
                    "mem_w_bw_dict": {
                        "I2": [
                            8,
                            64
                        ],
                        "O": [
                            16,
                            2048,
                            64
                        ],
                        "I1": [
                            2048,
                            64
                        ]
                    },
                    "mem_r_bw_min_dict": {
                        "I2": [
                            8,
                            64
                        ],