{
    "outputs": {
        "memory": {
            "utilization": {
                "O": [
                    0.5,
                    0.147003173828125,
                    0.00030561280000000003
                ],
                "W": [
                    0.5625,
                    0.00030561280000000003
                ],
                "I": [
                    0.147003173828125,
                    0.00030561280000000003
                ]
            },
            "word_accesses": {
                "O": [
                    "4waydatamoving (rd /\\: 100352.0, wr V: 0, rd V: 1806336.0, wr /\\: 1806336.0)",
                    "4waydatamoving (rd /\\: 392.0, wr V: 0, rd V: 0, wr /\\: 392.0)",
                    "4waydatamoving (rd /\\: 0, wr V: 0, rd V: 0, wr /\\: 12544.0)"
                ],
                "W": [
                    "4waydatamoving (rd /\\: 0, wr V: 73728.0, rd V: 57802752.0, wr /\\: 0)",
                    "4waydatamoving (rd /\\: 0, wr V: 0, rd V: 9216.0, wr /\\: 0)"
                ],
                "I": [
                    "4waydatamoving (rd /\\: 0, wr V: 812.25, rd V: 7056.0, wr /\\: 0)",
                    "4waydatamoving (rd /\\: 0, wr V: 0, rd V: 25992.0, wr /\\: 0)"
                ]
            }
        },
        "energy": {
            "energy_total": 45497197.063999996,
            "operational_energy": 2312110.08,
            "memory_energy": 43185086.984,
            "energy_breakdown_per_level": {
                "O": [
                    77973.50400000002,
                    311467.52,
                    9408000.0
                ],
                "W": [
                    5498265.600000001,
                    6451200.0
                ],
                "I": [
                    3243780.36,
                    18194400.0
                ]
            },
            "energy_breakdown_per_level_per_operand": {
                "O": [
                    "4waydatamoving (rd /\\: 2107.3920000000003, wr V: 0.0, rd V: 37933.056000000004, wr /\\: 37933.056000000004)",
                    "4waydatamoving (rd /\\: 163134.72, wr V: 0.0, rd V: 0.0, wr /\\: 148332.8)",
                    "4waydatamoving (rd /\\: 0, wr V: 0, rd V: 0, wr /\\: 9408000.0)"
                ],
                "W": [
                    "4waydatamoving (rd /\\: 0.0, wr V: 7004.16, rd V: 5491261.44, wr /\\: 0.0)",
                    "4waydatamoving (rd /\\: 0, wr V: 0, rd V: 6451200.0, wr /\\: 0)"
                ],
                "I": [
                    "4waydatamoving (rd /\\: 0.0, wr V: 307355.39999999997, rd V: 2936424.96, wr /\\: 0.0)",
                    "4waydatamoving (rd /\\: 0, wr V: 0, rd V: 18194400.0, wr /\\: 0)"
                ]
            }
        },
        "latency": {
            "data_onloading": 25992,
            "computation": 56448,
            "data_offloading": 12545
        },
        "spatial": {
            "mac_utilization": {
                "ideal": 1.0,
                "stalls": 1.0,
                "stalls_onloading": 0.6847161572052402,
                "stalls_onloading_offloading": 0.5942833078907196
            }
        }
    },
    "inputs": {
        "accelerator": {
            "name": "TPU_like",
            "cores": [
                {
                    "id": 1,
                    "operational_array": {
                        "operational_unit": {
                            "input_precision": [
                                8,
                                8
                            ],
                            "output_precision": 16,
                            "precision": [
                                8,
                                8,
                                16
                            ],
                            "cost": 0.04,
                            "area": 1
                        },
                        "dimensions": [
                            {
                                "id": 0,
                                "name": "D1",
                                "size": 32
                            },
                            {
                                "id": 1,
                                "name": "D2",
                                "size": 32
                            }
                        ]
                    },
                    "memory_hierarchy": {
                        "memory_levels": [
                            "MemoryLevel(instance=rf_128B,operands=['I2'],served_dimensions=set())",
                            "MemoryLevel(instance=rf_2B,operands=['O'],served_dimensions={Dimension(id=1,name=D2,size=32)})",
                            "MemoryLevel(instance=sram_2MB,operands=['I1', 'O'],served_dimensions={Dimension(id=0,name=D1,size=32), Dimension(id=1,name=D2,size=32)})",
                            "MemoryLevel(instance=dram,operands=['I1', 'I2', 'O'],served_dimensions={Dimension(id=0,name=D1,size=32), Dimension(id=1,name=D2,size=32)})"
                        ]
                    },
                    "dataflows": null,
                    "mem_hierarchy_dict": {
                        "I2": [
                            "MemoryLevel(instance=rf_128B,operands=['I2'],served_dimensions=set())",
                            "MemoryLevel(instance=dram,operands=['I1', 'I2', 'O'],served_dimensions={Dimension(id=0,name=D1,size=32), Dimension(id=1,name=D2,size=32)})"
                        ],
                        "O": [
                            "MemoryLevel(instance=rf_2B,operands=['O'],served_dimensions={Dimension(id=1,name=D2,size=32)})",
                            "MemoryLevel(instance=sram_2MB,operands=['I1', 'O'],served_dimensions={Dimension(id=0,name=D1,size=32), Dimension(id=1,name=D2,size=32)})",
                            "MemoryLevel(instance=dram,operands=['I1', 'I2', 'O'],served_dimensions={Dimension(id=0,name=D1,size=32), Dimension(id=1,name=D2,size=32)})"
                        ],
                        "I1": [
                            "MemoryLevel(instance=sram_2MB,operands=['I1', 'O'],served_dimensions={Dimension(id=0,name=D1,size=32), Dimension(id=1,name=D2,size=32)})",
                            "MemoryLevel(instance=dram,operands=['I1', 'I2', 'O'],served_dimensions={Dimension(id=0,name=D1,size=32), Dimension(id=1,name=D2,size=32)})"
                        ]
                    },
                    "mem_size_dict": {
                        "I2": [
                            1024,
                            10000000000
                        ],
                        "O": [
                            16,
                            16777216,
                            10000000000
                        ],
                        "I1": [
                            16777216,
                            10000000000
                        ]
                    },
                    "mem_r_bw_dict": {
                        "I2": [
                            8,
                            64
                        ],
                        "O": [
                            16,
                            2048,
                            64
                        ],
                        "I1": [
                            2048,
                            64
                        ]
                    },
                    "mem_w_bw_dict": {
                        "I2": [
                            8,
                            64
                        ],
                        "O": [
                            16,
                            2048,
                            64
                        ],
                        "I1": [
                            2048,
                            64
                        ]
                    },
                    "mem_r_bw_min_dict": {
                        "I2": [
                            8,
                            64
                        ],